doc_id,section,model,cer,wer
01_11_page_001,gemara,qwen3_vl_8b_heb_v17_step800,0.0047,0.0168
01_11_page_001,gemara,qwen3_vl_8b_heb_v18b_step700,0.0085,0.0105
01_11_page_001,gemara,gpt_5_2,0.9949,1.0
01_11_page_001,gemara,kraken_seg_rerun,0.0885,0.1242
01_11b_page_001,gemara,qwen3_vl_8b_heb_v17_step800,0.0064,0.0217
01_11b_page_001,gemara,qwen3_vl_8b_heb_v18b_step700,0.005,0.0145
01_11b_page_001,gemara,gpt_5_2,0.8723,0.9928
01_11b_page_001,gemara,gemini_pro,0.0322,0.053
01_11b_page_001,gemara,gemini_flash,0.0317,0.0458
01_11b_page_001,gemara,kraken_seg_rerun,0.0356,0.0964
01_12_page_001,gemara,qwen3_vl_8b_heb_v17_step800,0.0004,0.0022
01_12_page_001,gemara,qwen3_vl_8b_heb_v18b_step700,0.0,0.0
01_12_page_001,gemara,gpt_5_2,1.1042,1.0
01_12_page_001,gemara,gemini_pro,0.022,0.0734
01_12_page_001,gemara,gemini_flash,0.0573,0.095
01_12_page_001,gemara,kraken_seg_rerun,0.022,0.095
01_12b_page_001,gemara,qwen3_vl_8b_heb_v17_step800,0.0045,0.0155
01_12b_page_001,gemara,qwen3_vl_8b_heb_v18b_step700,0.0052,0.0138
01_12b_page_001,gemara,gpt_5_2,0.9217,0.9931
01_13_page_001,gemara,qwen3_vl_8b_heb_v17_step800,0.575,0.5843
01_13_page_001,gemara,qwen3_vl_8b_heb_v18b_step700,0.5727,0.5745
01_13_page_001,gemara,gpt_5_2,0.7865,0.9353
01_13_page_001,gemara,claude_opus_4_8,1.4785,1.4255
01_13_page_001,gemara,claude_sonnet_5,0.3316,0.4255
01_13_page_001,gemara,gemini_pro,0.0004,0.002
01_13_page_001,gemara,gemini_flash,0.0146,0.0451
01_13_page_001,gemara,kraken_seg_rerun,0.0339,0.0843
01_14_page_001,gemara,qwen3_vl_8b_heb_v17_step800,0.0021,0.0151
01_14_page_001,gemara,qwen3_vl_8b_heb_v18b_step700,0.0021,0.0151
01_14_page_001,gemara,gpt_5_2,0.8534,0.9899
01_14_page_001,gemara,gemini_pro,0.013,0.0377
01_14_page_001,gemara,gemini_flash,0.0275,0.0528
01_14_page_001,gemara,kraken_seg_rerun,0.0295,0.1281
01_14b_page_001,gemara,qwen3_vl_8b_heb_v17_step800,0.0041,0.016
01_14b_page_001,gemara,qwen3_vl_8b_heb_v18b_step700,0.0021,0.004
01_14b_page_001,gemara,gpt_5_2,1.0,1.0
01_14b_page_001,gemara,gemini_pro,0.0041,0.012
01_14b_page_001,gemara,gemini_flash,0.0325,0.0902
01_14b_page_001,gemara,kraken_seg_rerun,0.0494,0.1122
01_15_page_001,gemara,qwen3_vl_8b_heb_v17_step800,0.0037,0.0099
01_15_page_001,gemara,qwen3_vl_8b_heb_v18b_step700,0.0008,0.0039
01_15_page_001,gemara,gpt_5_2,0.9992,1.0
01_15_page_001,gemara,gemini_pro,0.0021,0.0099
01_15_page_001,gemara,gemini_flash,0.0079,0.0217
01_15_page_001,gemara,kraken_seg_rerun,0.0464,0.1045
01_15b_page_001,gemara,qwen3_vl_8b_heb_v17_step800,0.0014,0.0052
01_15b_page_001,gemara,qwen3_vl_8b_heb_v18b_step700,4.9787,0.0349
01_15b_page_001,gemara,gpt_5_2,0.8425,0.9913
01_15b_page_001,gemara,gemini_pro,0.0107,0.0314
01_15b_page_001,gemara,gemini_flash,0.0405,0.0576
01_15b_page_001,gemara,kraken_seg_rerun,0.0765,0.1501
01_2_page_001,gemara,qwen3_vl_8b_heb_v17_step800,0.0016,0.0084
01_2_page_001,gemara,qwen3_vl_8b_heb_v18b_step700,0.0072,0.0126
01_2_page_001,gemara,gpt_5_2,1.0,1.0
01_2_page_001,gemara,gemini_pro,0.0255,0.0669
01_2_page_001,gemara,gemini_flash,0.0415,0.0628
01_2_page_001,gemara,kraken_seg_rerun,0.0319,0.1381
01_2b_page_001,gemara,qwen3_vl_8b_heb_v17_step800,0.0039,0.0126
01_2b_page_001,gemara,qwen3_vl_8b_heb_v18b_step700,0.0034,0.0176
01_2b_page_001,gemara,gpt_5_2,0.8991,0.995
01_2b_page_001,gemara,gemini_pro,0.0167,0.0452
01_2b_page_001,gemara,gemini_flash,0.0241,0.0628
01_2b_page_001,gemara,kraken_seg_rerun,0.0226,0.0678
01_3_page_001,gemara,qwen3_vl_8b_heb_v17_step800,0.0041,0.0166
01_3_page_001,gemara,qwen3_vl_8b_heb_v18b_step700,0.0023,0.0071
01_3_page_001,gemara,gpt_5_2,0.9113,0.9929
01_3_page_001,gemara,gemini_pro,0.0147,0.0285
01_3_page_001,gemara,gemini_flash,0.0253,0.0428
01_3_page_001,gemara,kraken_seg_rerun,0.0184,0.0808
01_3b_page_001,gemara,qwen3_vl_8b_heb_v17_step800,0.007,0.0254
01_3b_page_001,gemara,qwen3_vl_8b_heb_v18b_step700,0.0054,0.0195
01_3b_page_001,gemara,gpt_5_2,0.9143,0.9941
01_3b_page_001,gemara,gemini_pro,0.0248,0.0508
01_3b_page_001,gemara,gemini_flash,0.8002,0.9844
01_3b_page_001,gemara,kraken_seg_rerun,0.1412,0.207
01_4_page_001,gemara,qwen3_vl_8b_heb_v17_step800,0.0062,0.0185
01_4_page_001,gemara,qwen3_vl_8b_heb_v18b_step700,0.0014,0.0069
01_4_page_001,gemara,gpt_5_2,0.9643,1.0
01_4_page_001,gemara,gemini_pro,0.009,0.0347
01_4_page_001,gemara,gemini_flash,0.0214,0.044
01_4_page_001,gemara,kraken_seg_rerun,0.0314,0.0972
01_4b_page_001,gemara,qwen3_vl_8b_heb_v17_step800,0.0062,0.0192
01_4b_page_001,gemara,qwen3_vl_8b_heb_v18b_step700,0.0027,0.0038
01_4b_page_001,gemara,gpt_5_2,0.6111,0.8327
01_4b_page_001,gemara,gemini_pro,0.025,0.0692
01_4b_page_001,gemara,gemini_flash,0.0285,0.0731
01_4b_page_001,gemara,kraken_seg_rerun,0.1147,0.2
01_5b_page_001,gemara,qwen3_vl_8b_heb_v17_step800,0.0062,0.0228
01_5b_page_001,gemara,qwen3_vl_8b_heb_v18b_step700,0.004,0.0141
01_5b_page_001,gemara,gpt_5_2,0.9714,1.0
01_5b_page_001,gemara,kraken_seg_rerun,0.0181,0.0369
01_6_page_001,gemara,qwen3_vl_8b_heb_v17_step800,0.0091,0.037
01_6_page_001,gemara,qwen3_vl_8b_heb_v18b_step700,0.0069,0.0175
01_6_page_001,gemara,gpt_5_2,1.2215,1.6082
01_6_page_001,gemara,kraken_seg_rerun,0.0263,0.0955
01_8b_page_001,gemara,qwen3_vl_8b_heb_v17_step800,0.0034,0.015
01_8b_page_001,gemara,qwen3_vl_8b_heb_v18b_step700,0.0015,0.0075
01_8b_page_001,gemara,gpt_5_2,0.9658,1.0
01_8b_page_001,gemara,kraken_seg_rerun,0.0751,0.109
01_9_page_001,gemara,qwen3_vl_8b_heb_v17_step800,0.0113,0.0363
01_9_page_001,gemara,qwen3_vl_8b_heb_v18b_step700,0.0098,0.0249
01_9_page_001,gemara,gpt_5_2,1.1496,1.0
01_9_page_001,gemara,kraken_seg_rerun,0.166,0.2199
02_10_page_001,gemara,qwen3_vl_8b_heb_v17_step800,0.0083,0.025
02_10_page_001,gemara,qwen3_vl_8b_heb_v18b_step700,0.0031,0.0058
02_10_page_001,gemara,gpt_5_2,0.9682,1.0
02_10_page_001,gemara,kraken_seg_rerun,0.0287,0.0829
02_10b_page_001,gemara,qwen3_vl_8b_heb_v17_step800,0.0065,0.0162
02_10b_page_001,gemara,qwen3_vl_8b_heb_v18b_step700,0.0005,0.0027
02_10b_page_001,gemara,gpt_5_2,0.7098,0.9486
02_10b_page_001,gemara,claude_opus_4_8,0.0113,0.0541
02_10b_page_001,gemara,claude_sonnet_5,0.2201,0.2892
02_10b_page_001,gemara,kraken_seg_rerun,0.1419,0.1973
02_11_page_001,gemara,qwen3_vl_8b_heb_v17_step800,0.0055,0.0192
02_11_page_001,gemara,qwen3_vl_8b_heb_v18b_step700,0.0035,0.012
02_11_page_001,gemara,gpt_5_2,0.9511,1.0
02_11_page_001,gemara,claude_opus_4_8,0.2374,0.2668
02_11_page_001,gemara,claude_sonnet_5,0.79,0.8317
02_11_page_001,gemara,kraken_seg_rerun,0.0289,0.1178
02_11b_page_001,gemara,qwen3_vl_8b_heb_v17_step800,0.0072,0.0311
02_11b_page_001,gemara,qwen3_vl_8b_heb_v18b_step700,0.0007,0.0031
02_11b_page_001,gemara,gpt_5_2,0.9383,0.9969
02_11b_page_001,gemara,claude_opus_4_8,0.0748,0.118
02_11b_page_001,gemara,claude_sonnet_5,0.1194,0.1739
02_11b_page_001,gemara,kraken_seg_rerun,0.1037,0.1398
02_12_page_001,gemara,qwen3_vl_8b_heb_v17_step800,0.0105,0.0492
02_12_page_001,gemara,qwen3_vl_8b_heb_v18b_step700,0.0055,0.0273
02_12_page_001,gemara,gpt_5_2,0.9662,1.0
02_12_page_001,gemara,claude_opus_4_8,1.1175,1.3005
02_12_page_001,gemara,claude_sonnet_5,1.1729,1.1967
02_12_page_001,gemara,kraken_seg_rerun,0.051,0.1475
02_12b_page_001,gemara,qwen3_vl_8b_heb_v17_step800,0.0067,0.0164
02_12b_page_001,gemara,qwen3_vl_8b_heb_v18b_step700,0.0043,0.0141
02_12b_page_001,gemara,gpt_5_2,1.0,1.0
02_12b_page_001,gemara,claude_opus_4_8,0.1532,0.1854
02_12b_page_001,gemara,claude_sonnet_5,0.3006,0.3732
02_12b_page_001,gemara,kraken_seg_rerun,0.0231,0.0376
02_13_page_001,gemara,qwen3_vl_8b_heb_v17_step800,0.0048,0.0092
02_13_page_001,gemara,qwen3_vl_8b_heb_v18b_step700,0.0033,0.0046
02_13_page_001,gemara,gpt_5_2,1.0,1.0
02_13_page_001,gemara,claude_opus_4_8,0.0195,0.0621
02_13_page_001,gemara,claude_sonnet_5,0.7527,0.7977
02_13_page_001,gemara,kraken_seg_rerun,0.0285,0.0943
02_13b_page_001,gemara,qwen3_vl_8b_heb_v17_step800,0.0013,0.0063
02_13b_page_001,gemara,qwen3_vl_8b_heb_v18b_step700,0.0,0.0
02_13b_page_001,gemara,gpt_5_2,0.8259,0.9906
02_13b_page_001,gemara,claude_opus_4_8,0.6645,0.9938
02_13b_page_001,gemara,claude_sonnet_5,0.3278,0.4
02_13b_page_001,gemara,kraken_seg_rerun,0.0523,0.0938
02_14_page_001,gemara,qwen3_vl_8b_heb_v17_step800,0.0015,0.0075
02_14_page_001,gemara,qwen3_vl_8b_heb_v18b_step700,0.003,0.0113
02_14_page_001,gemara,gpt_5_2,0.8064,0.9887
02_14_page_001,gemara,claude_opus_4_8,1.6233,1.9698
02_14_page_001,gemara,claude_sonnet_5,0.3984,0.4906
02_14_page_001,gemara,kraken_seg_rerun,0.7362,0.9811
02_14b_page_001,gemara,qwen3_vl_8b_heb_v17_step800,0.0026,0.0134
02_14b_page_001,gemara,qwen3_vl_8b_heb_v18b_step700,0.0009,0.0045
02_14b_page_001,gemara,gpt_5_2,0.9481,1.0
02_14b_page_001,gemara,claude_opus_4_8,0.023,0.0893
02_14b_page_001,gemara,claude_sonnet_5,0.3762,0.5134
02_14b_page_001,gemara,kraken_seg_rerun,0.063,0.0982
02_15_page_001,gemara,qwen3_vl_8b_heb_v17_step800,0.0024,0.0091
02_15_page_001,gemara,qwen3_vl_8b_heb_v18b_step700,0.0012,0.003
02_15_page_001,gemara,gpt_5_2,0.9637,1.0
02_15_page_001,gemara,claude_opus_4_8,0.101,0.0547
02_15_page_001,gemara,claude_sonnet_5,1.1573,1.152
02_15_page_001,gemara,kraken_seg_rerun,0.0169,0.0608
02_15b_page_001,gemara,qwen3_vl_8b_heb_v17_step800,0.0044,0.0228
02_15b_page_001,gemara,qwen3_vl_8b_heb_v18b_step700,0.0018,0.0091
02_15b_page_001,gemara,gpt_5_2,0.8025,0.9863
02_15b_page_001,gemara,claude_opus_4_8,0.0585,0.1005
02_15b_page_001,gemara,claude_sonnet_5,1.0505,1.1461
02_15b_page_001,gemara,kraken_seg_rerun,0.0151,0.0502
02_16_page_001,gemara,qwen3_vl_8b_heb_v17_step800,0.0053,0.0146
02_16_page_001,gemara,qwen3_vl_8b_heb_v18b_step700,0.008,0.0146
02_16_page_001,gemara,gpt_5_2,0.7566,0.9927
02_16_page_001,gemara,claude_opus_4_8,4.0492,3.1168
02_16_page_001,gemara,claude_sonnet_5,3.4282,3.7591
02_16_page_001,gemara,kraken_seg_rerun,0.0266,0.0949
02_16b_page_001,gemara,qwen3_vl_8b_heb_v17_step800,0.0062,0.0235
02_16b_page_001,gemara,qwen3_vl_8b_heb_v18b_step700,0.0015,0.0078
02_16b_page_001,gemara,gpt_5_2,0.9066,1.0
02_16b_page_001,gemara,claude_opus_4_8,0.0563,0.0784
02_16b_page_001,gemara,claude_sonnet_5,0.1034,0.1804
02_16b_page_001,gemara,kraken_seg_rerun,0.0293,0.0902
02_17_page_001,gemara,qwen3_vl_8b_heb_v17_step800,0.0048,0.0163
02_17_page_001,gemara,qwen3_vl_8b_heb_v18b_step700,0.0032,0.0122
02_17_page_001,gemara,gpt_5_2,0.9319,1.0
02_17_page_001,gemara,claude_opus_4_8,1.1217,1.2367
02_17_page_001,gemara,claude_sonnet_5,0.3787,0.4367
02_17_page_001,gemara,kraken_seg_rerun,0.0592,0.1306
02_17b_page_001,gemara,qwen3_vl_8b_heb_v17_step800,0.005,0.0214
02_17b_page_001,gemara,qwen3_vl_8b_heb_v18b_step700,0.0057,0.0143
02_17b_page_001,gemara,gpt_5_2,0.7895,0.9857
02_17b_page_001,gemara,claude_opus_4_8,1.1615,1.2179
02_17b_page_001,gemara,claude_sonnet_5,0.9225,1.1393
02_17b_page_001,gemara,kraken_seg_rerun,0.0206,0.0536
02_18_page_001,gemara,qwen3_vl_8b_heb_v17_step800,0.002,0.0066
02_18_page_001,gemara,qwen3_vl_8b_heb_v18b_step700,0.002,0.0066
02_18_page_001,gemara,gpt_5_2,0.739,0.9835
02_18_page_001,gemara,claude_opus_4_8,2.2749,2.2706
02_18_page_001,gemara,claude_sonnet_5,0.1912,0.2442
02_18_page_001,gemara,kraken_seg_rerun,0.0279,0.1155
02_18b_page_001,gemara,qwen3_vl_8b_heb_v17_step800,0.004,0.0195
02_18b_page_001,gemara,qwen3_vl_8b_heb_v18b_step700,0.0017,0.0084
02_18b_page_001,gemara,gpt_5_2,0.8918,0.9916
02_18b_page_001,gemara,claude_opus_4_8,0.1663,0.195
02_18b_page_001,gemara,claude_sonnet_5,0.3491,0.4847
02_18b_page_001,gemara,kraken_seg_rerun,0.0581,0.0864
02_19_page_001,gemara,qwen3_vl_8b_heb_v17_step800,0.0054,0.0135
02_19_page_001,gemara,qwen3_vl_8b_heb_v18b_step700,0.0038,0.0108
02_19_page_001,gemara,gpt_5_2,0.8919,0.9838
02_19_page_001,gemara,claude_opus_4_8,0.0826,0.1159
02_19_page_001,gemara,claude_sonnet_5,1.0858,1.062
02_19_page_001,gemara,kraken_seg_rerun,0.032,0.1078
02_19b_page_001,gemara,qwen3_vl_8b_heb_v17_step800,0.0038,0.0195
02_19b_page_001,gemara,qwen3_vl_8b_heb_v18b_step700,0.0031,0.0156
02_19b_page_001,gemara,gpt_5_2,0.7778,0.9805
02_19b_page_001,gemara,claude_opus_4_8,3.5839,2.8633
02_19b_page_001,gemara,claude_sonnet_5,0.0521,0.1406
02_19b_page_001,gemara,kraken_seg_rerun,0.0506,0.1211
02_20_page_001,gemara,qwen3_vl_8b_heb_v17_step800,0.0148,0.055
02_20_page_001,gemara,qwen3_vl_8b_heb_v18b_step700,0.0039,0.0162
02_20_page_001,gemara,gpt_5_2,0.8527,0.9838
02_20_page_001,gemara,claude_opus_4_8,0.0148,0.0453
02_20_page_001,gemara,claude_sonnet_5,0.991,1.0939
02_20_page_001,gemara,kraken_seg_rerun,0.2264,0.3269
02_2_page_001,gemara,qwen3_vl_8b_heb_v17_step800,0.0,0.0
02_2_page_001,gemara,qwen3_vl_8b_heb_v18b_step700,0.0,0.0
02_2_page_001,gemara,gpt_5_2,0.9422,1.0842
02_2_page_001,gemara,claude_opus_4_8,0.666,0.9789
02_2_page_001,gemara,claude_sonnet_5,0.0814,0.1158
02_2_page_001,gemara,kraken_seg_rerun,0.0086,0.0421
02_2b_page_001,gemara,qwen3_vl_8b_heb_v17_step800,0.0011,0.0053
02_2b_page_001,gemara,qwen3_vl_8b_heb_v18b_step700,0.0,0.0
02_2b_page_001,gemara,gpt_5_2,0.8122,0.9895
02_2b_page_001,gemara,claude_opus_4_8,0.0907,0.1158
02_2b_page_001,gemara,claude_sonnet_5,1.3543,1.3632
02_2b_page_001,gemara,kraken_seg_rerun,0.079,0.1053
02_3_page_001,gemara,qwen3_vl_8b_heb_v17_step800,0.0104,0.0395
02_3_page_001,gemara,qwen3_vl_8b_heb_v18b_step700,0.0078,0.0263
02_3_page_001,gemara,gpt_5_2,0.7497,0.9803
02_3_page_001,gemara,claude_opus_4_8,2.1525,1.6447
02_3_page_001,gemara,claude_sonnet_5,0.1604,0.2566
02_3_page_001,gemara,kraken_seg_rerun,0.1265,0.1908
02_3b_page_001,gemara,qwen3_vl_8b_heb_v17_step800,0.0007,0.0037
02_3b_page_001,gemara,qwen3_vl_8b_heb_v18b_step700,0.003,0.0149
02_3b_page_001,gemara,gpt_5_2,0.8145,0.9888
02_3b_page_001,gemara,claude_opus_4_8,1.1009,1.1747
02_3b_page_001,gemara,claude_sonnet_5,2.5809,1.9219
02_3b_page_001,gemara,kraken_seg_rerun,0.0623,0.1004
02_4_page_001,gemara,qwen3_vl_8b_heb_v17_step800,0.0018,0.009
02_4_page_001,gemara,qwen3_vl_8b_heb_v18b_step700,0.0027,0.0045
02_4_page_001,gemara,gpt_5_2,1.0,1.0
02_4_page_001,gemara,claude_opus_4_8,2.4613,2.0586
02_4_page_001,gemara,claude_sonnet_5,0.6242,0.7793
02_4_page_001,gemara,kraken_seg_rerun,0.0312,0.0946
02_4b_page_001,gemara,qwen3_vl_8b_heb_v17_step800,0.0,0.0
02_4b_page_001,gemara,qwen3_vl_8b_heb_v18b_step700,0.001,0.0051
02_4b_page_001,gemara,gpt_5_2,0.9081,1.0
02_4b_page_001,gemara,claude_opus_4_8,3.47,4.0051
02_4b_page_001,gemara,claude_sonnet_5,0.8037,0.8827
02_4b_page_001,gemara,kraken_seg_rerun,0.1746,0.2398
02_5_page_001,gemara,qwen3_vl_8b_heb_v17_step800,0.0024,0.009
02_5_page_001,gemara,qwen3_vl_8b_heb_v18b_step700,0.0005,0.0023
02_5_page_001,gemara,gpt_5_2,0.6009,0.8488
02_5_page_001,gemara,claude_opus_4_8,0.8731,0.851
02_5_page_001,gemara,claude_sonnet_5,0.1929,0.2912
02_5_page_001,gemara,kraken_seg_rerun,0.1132,0.1761
02_5b_page_001,gemara,qwen3_vl_8b_heb_v17_step800,0.0053,0.0148
02_5b_page_001,gemara,qwen3_vl_8b_heb_v18b_step700,0.0069,0.0185
02_5b_page_001,gemara,gpt_5_2,0.9383,1.0
02_5b_page_001,gemara,claude_opus_4_8,0.0518,0.0889
02_5b_page_001,gemara,claude_sonnet_5,0.1692,0.2667
02_5b_page_001,gemara,kraken_seg_rerun,0.0404,0.137
02_6_page_001,gemara,qwen3_vl_8b_heb_v17_step800,0.0026,0.0105
02_6_page_001,gemara,qwen3_vl_8b_heb_v18b_step700,0.0032,0.0079
02_6_page_001,gemara,gpt_5_2,0.9564,1.0
02_6_page_001,gemara,claude_opus_4_8,0.2916,0.3228
02_6_page_001,gemara,claude_sonnet_5,0.4866,0.6325
02_6_page_001,gemara,kraken_seg_rerun,0.0415,0.1706
02_6b_page_001,gemara,qwen3_vl_8b_heb_v17_step800,0.0041,0.0165
02_6b_page_001,gemara,qwen3_vl_8b_heb_v18b_step700,0.0033,0.0124
02_6b_page_001,gemara,gpt_5_2,0.7677,0.9876
02_6b_page_001,gemara,claude_opus_4_8,0.1367,0.1529
02_6b_page_001,gemara,claude_sonnet_5,0.3394,0.4587
02_6b_page_001,gemara,kraken_seg_rerun,0.0857,0.1736
02_7_page_001,gemara,qwen3_vl_8b_heb_v17_step800,0.0048,0.015
02_7_page_001,gemara,qwen3_vl_8b_heb_v18b_step700,0.0024,0.009
02_7_page_001,gemara,gpt_5_2,0.9679,1.2853
02_7_page_001,gemara,claude_opus_4_8,0.0224,0.0661
02_7_page_001,gemara,claude_sonnet_5,1.0042,1.1592
02_7_page_001,gemara,kraken_seg_rerun,0.7171,0.967
02_7b_page_001,gemara,qwen3_vl_8b_heb_v17_step800,0.0024,0.009
02_7b_page_001,gemara,qwen3_vl_8b_heb_v18b_step700,0.0,0.0
02_7b_page_001,gemara,gpt_5_2,0.9496,1.0
02_7b_page_001,gemara,claude_opus_4_8,0.1531,0.1946
02_7b_page_001,gemara,claude_sonnet_5,0.418,0.482
02_7b_page_001,gemara,kraken_seg_rerun,0.2874,0.3802
02_8_page_001,gemara,qwen3_vl_8b_heb_v17_step800,0.0011,0.0057
02_8_page_001,gemara,qwen3_vl_8b_heb_v18b_step700,0.0011,0.0057
02_8_page_001,gemara,gpt_5_2,0.7761,0.9773
02_8_page_001,gemara,claude_opus_4_8,1.4983,1.4489
02_8_page_001,gemara,claude_sonnet_5,3.3536,3.4602
02_8_page_001,gemara,kraken_seg_rerun,0.0769,0.1818
02_8b_page_001,gemara,qwen3_vl_8b_heb_v17_step800,0.0012,0.006
02_8b_page_001,gemara,qwen3_vl_8b_heb_v18b_step700,0.0012,0.006
02_8b_page_001,gemara,gpt_5_2,0.8514,0.988
02_8b_page_001,gemara,claude_opus_4_8,0.0589,0.0778
02_8b_page_001,gemara,claude_sonnet_5,0.258,0.3802
02_8b_page_001,gemara,kraken_seg_rerun,0.0916,0.1228
02_9_page_001,gemara,qwen3_vl_8b_heb_v17_step800,0.0,0.0
02_9_page_001,gemara,qwen3_vl_8b_heb_v18b_step700,0.0025,0.0118
02_9_page_001,gemara,gpt_5_2,0.7936,0.9941
02_9_page_001,gemara,claude_opus_4_8,0.1409,0.1361
02_9_page_001,gemara,claude_sonnet_5,0.3226,0.355
02_9_page_001,gemara,kraken_seg_rerun,0.0309,0.1006
02_9b_page_001,gemara,qwen3_vl_8b_heb_v17_step800,0.01,0.0366
02_9b_page_001,gemara,qwen3_vl_8b_heb_v18b_step700,0.0069,0.0285
02_9b_page_001,gemara,gpt_5_2,0.7656,0.9919
02_9b_page_001,gemara,claude_opus_4_8,0.4212,0.4146
02_9b_page_001,gemara,claude_sonnet_5,0.8978,1.061
02_9b_page_001,gemara,kraken_seg_rerun,0.02,0.1016
01_10_page_001,rashi,qwen3_vl_8b_heb_v17_step800,0.01,0.0324
01_10_page_001,rashi,qwen3_vl_8b_heb_v18b_step700,0.0082,0.0324
01_10_page_001,rashi,gpt_5_2,0.7679,0.9861
01_10_page_001,rashi,claude_opus_4_8,0.7806,0.9815
01_10_page_001,rashi,claude_sonnet_5,0.8966,0.9861
01_10_page_001,rashi,gemini_pro,1.7788,2.3889
01_10_page_001,rashi,gemini_flash,0.2194,0.4167
01_10_page_001,rashi,kraken_seg_rerun,0.0743,0.2824
01_10b_page_001,rashi,qwen3_vl_8b_heb_v17_step800,0.0205,0.0655
01_10b_page_001,rashi,qwen3_vl_8b_heb_v18b_step700,0.006,0.0172
01_10b_page_001,rashi,gpt_5_2,0.9397,1.0
01_10b_page_001,rashi,claude_opus_4_8,0.7588,0.969
01_10b_page_001,rashi,claude_sonnet_5,0.7303,0.9621
01_10b_page_001,rashi,gemini_pro,0.0643,0.1172
01_10b_page_001,rashi,gemini_flash,0.8217,0.9966
01_10b_page_001,rashi,kraken_seg_rerun,0.7329,0.9552
01_11_page_001,rashi,qwen3_vl_8b_heb_v17_step800,0.0179,0.0467
01_11_page_001,rashi,qwen3_vl_8b_heb_v18b_step700,0.0153,0.0357
01_11_page_001,rashi,gpt_5_2,0.9605,1.0
01_11_page_001,rashi,kraken_seg_rerun,0.7254,0.9313
01_11b_page_001,rashi,qwen3_vl_8b_heb_v17_step800,0.0121,0.0598
01_11b_page_001,rashi,qwen3_vl_8b_heb_v18b_step700,0.0076,0.0371
01_11b_page_001,rashi,gpt_5_2,0.9996,1.0
01_11b_page_001,rashi,gemini_flash,0.1361,0.2928
01_11b_page_001,rashi,kraken_seg_rerun,0.2496,0.334
01_12_page_001,rashi,qwen3_vl_8b_heb_v17_step800,0.0092,0.0389
01_12_page_001,rashi,qwen3_vl_8b_heb_v18b_step700,0.0058,0.0194
01_12_page_001,rashi,gpt_5_2,0.9595,1.0
01_12_page_001,rashi,gemini_flash,0.846,1.0
01_12_page_001,rashi,kraken_seg_rerun,0.1941,0.2894
01_12b_page_001,rashi,qwen3_vl_8b_heb_v17_step800,0.0163,0.0647
01_12b_page_001,rashi,qwen3_vl_8b_heb_v18b_step700,0.0071,0.0323
01_12b_page_001,rashi,gpt_5_2,0.9451,1.0
01_12b_page_001,rashi,kraken_seg_rerun,0.7273,0.9704
01_13_page_001,rashi,qwen3_vl_8b_heb_v17_step800,0.7395,0.7569
01_13_page_001,rashi,qwen3_vl_8b_heb_v18b_step700,0.7354,0.7292
01_13_page_001,rashi,gpt_5_2,0.9485,1.0
01_13_page_001,rashi,claude_opus_4_8,0.9485,1.0
01_13_page_001,rashi,claude_sonnet_5,0.8173,0.9723
01_13_page_001,rashi,gemini_flash,0.1434,0.32
01_13_page_001,rashi,kraken_seg_rerun,0.2225,0.3662
01_13b_page_001,rashi,qwen3_vl_8b_heb_v17_step800,0.0176,0.0625
01_13b_page_001,rashi,qwen3_vl_8b_heb_v18b_step700,0.0091,0.0312
01_13b_page_001,rashi,gpt_5_2,0.9824,1.0
01_13b_page_001,rashi,gemini_flash,0.7298,0.9931
01_13b_page_001,rashi,kraken_seg_rerun,0.2695,0.3993
01_14_page_001,rashi,qwen3_vl_8b_heb_v17_step800,0.0116,0.0455
01_14_page_001,rashi,qwen3_vl_8b_heb_v18b_step700,0.0051,0.026
01_14_page_001,rashi,gpt_5_2,0.9087,1.0
01_14_page_001,rashi,gemini_pro,0.0668,0.1753
01_14_page_001,rashi,gemini_flash,0.7943,0.987
01_14_page_001,rashi,kraken_seg_rerun,0.2391,0.3571
01_14b_page_001,rashi,qwen3_vl_8b_heb_v17_step800,0.0125,0.0478
01_14b_page_001,rashi,qwen3_vl_8b_heb_v18b_step700,0.0068,0.0253
01_14b_page_001,rashi,gpt_5_2,0.8152,0.9888
01_14b_page_001,rashi,gemini_flash,0.4357,0.5393
01_14b_page_001,rashi,kraken_seg_rerun,0.3774,0.4944
01_15_page_001,rashi,qwen3_vl_8b_heb_v17_step800,0.0079,0.0312
01_15_page_001,rashi,qwen3_vl_8b_heb_v18b_step700,0.0079,0.0375
01_15_page_001,rashi,gpt_5_2,0.9469,1.0
01_15_page_001,rashi,gemini_pro,0.0622,0.1375
01_15_page_001,rashi,gemini_flash,0.1531,0.3031
01_15_page_001,rashi,kraken_seg_rerun,0.3301,0.4719
01_15b_page_001,rashi,qwen3_vl_8b_heb_v17_step800,0.0093,0.0333
01_15b_page_001,rashi,qwen3_vl_8b_heb_v18b_step700,0.0046,0.0156
01_15b_page_001,rashi,gpt_5_2,0.8661,0.9844
01_15b_page_001,rashi,gemini_flash,0.7715,0.9667
01_15b_page_001,rashi,kraken_seg_rerun,0.1486,0.2489
01_2_page_001,rashi,qwen3_vl_8b_heb_v17_step800,0.0125,0.0519
01_2_page_001,rashi,qwen3_vl_8b_heb_v18b_step700,0.0081,0.039
01_2_page_001,rashi,gpt_5_2,0.8017,0.9805
01_2_page_001,rashi,gemini_flash,0.217,0.3149
01_2_page_001,rashi,kraken_seg_rerun,0.7232,0.9838
01_2b_page_001,rashi,qwen3_vl_8b_heb_v17_step800,0.0101,0.0398
01_2b_page_001,rashi,qwen3_vl_8b_heb_v18b_step700,0.0069,0.0256
01_2b_page_001,rashi,gpt_5_2,0.9626,1.0
01_2b_page_001,rashi,gemini_flash,0.5411,0.7699
01_2b_page_001,rashi,kraken_seg_rerun,0.2548,0.3438
01_3_page_001,rashi,qwen3_vl_8b_heb_v17_step800,0.0258,0.0946
01_3_page_001,rashi,qwen3_vl_8b_heb_v18b_step700,0.0148,0.0599
01_3_page_001,rashi,gpt_5_2,0.9988,1.0
01_3_page_001,rashi,gemini_flash,0.3649,0.5552
01_3_page_001,rashi,kraken_seg_rerun,0.1502,0.265
01_3b_page_001,rashi,qwen3_vl_8b_heb_v17_step800,0.0356,0.1117
01_3b_page_001,rashi,qwen3_vl_8b_heb_v18b_step700,0.0178,0.0615
01_3b_page_001,rashi,gpt_5_2,0.9257,1.0
01_3b_page_001,rashi,gemini_flash,0.5578,0.7877
01_3b_page_001,rashi,kraken_seg_rerun,0.696,0.9469
01_4_page_001,rashi,qwen3_vl_8b_heb_v17_step800,0.0229,0.0727
01_4_page_001,rashi,qwen3_vl_8b_heb_v18b_step700,0.0095,0.0363
01_4_page_001,rashi,gpt_5_2,0.9633,1.0
01_4_page_001,rashi,gemini_flash,0.7219,0.9426
01_4_page_001,rashi,kraken_seg_rerun,0.1498,0.2983
01_4b_page_001,rashi,qwen3_vl_8b_heb_v17_step800,0.0156,0.066
01_4b_page_001,rashi,qwen3_vl_8b_heb_v18b_step700,0.0102,0.0382
01_4b_page_001,rashi,gpt_5_2,0.9476,1.0
01_4b_page_001,rashi,gemini_pro,0.7177,0.9722
01_4b_page_001,rashi,gemini_flash,0.1109,0.2153
01_4b_page_001,rashi,kraken_seg_rerun,0.1537,0.2847
01_5_page_001,rashi,qwen3_vl_8b_heb_v17_step800,0.4946,0.5018
01_5_page_001,rashi,qwen3_vl_8b_heb_v18b_step700,0.0243,0.04
01_5_page_001,rashi,gpt_5_2,0.8009,0.9855
01_5_page_001,rashi,gemini_pro,0.5236,0.5527
01_5_page_001,rashi,gemini_flash,0.8178,0.9964
01_5_page_001,rashi,kraken_seg_rerun,0.643,0.8836
01_5b_page_001,rashi,qwen3_vl_8b_heb_v17_step800,0.0219,0.0821
01_5b_page_001,rashi,qwen3_vl_8b_heb_v18b_step700,0.0129,0.0499
01_5b_page_001,rashi,gpt_5_2,0.9337,1.0
01_5b_page_001,rashi,kraken_seg_rerun,0.2038,0.3255
01_6_page_001,rashi,qwen3_vl_8b_heb_v17_step800,0.0185,0.0793
01_6_page_001,rashi,qwen3_vl_8b_heb_v18b_step700,0.0079,0.0368
01_6_page_001,rashi,gpt_5_2,0.8763,1.0
01_6_page_001,rashi,kraken_seg_rerun,0.611,0.7762
01_6b_page_001,rashi,qwen3_vl_8b_heb_v17_step800,0.5141,0.5385
01_6b_page_001,rashi,qwen3_vl_8b_heb_v18b_step700,0.512,0.5302
01_6b_page_001,rashi,gpt_5_2,0.9503,1.0
01_6b_page_001,rashi,kraken_seg_rerun,0.2875,0.4341
01_7_page_001,rashi,qwen3_vl_8b_heb_v17_step800,0.0263,0.1057
01_7_page_001,rashi,qwen3_vl_8b_heb_v18b_step700,0.0184,0.0749
01_7_page_001,rashi,gpt_5_2,0.7261,0.9824
01_7_page_001,rashi,kraken_seg_rerun,0.0527,0.2555
01_7b_page_001,rashi,qwen3_vl_8b_heb_v17_step800,0.0188,0.0758
01_7b_page_001,rashi,qwen3_vl_8b_heb_v18b_step700,0.005,0.0202
01_7b_page_001,rashi,gpt_5_2,1.6419,2.0909
01_7b_page_001,rashi,kraken_seg_rerun,0.0784,0.2677
01_8_page_001,rashi,qwen3_vl_8b_heb_v17_step800,0.0296,0.1042
01_8_page_001,rashi,qwen3_vl_8b_heb_v18b_step700,0.0139,0.0489
01_8_page_001,rashi,gpt_5_2,0.9596,1.0
01_8_page_001,rashi,kraken_seg_rerun,0.2509,0.3941
01_8b_page_001,rashi,qwen3_vl_8b_heb_v17_step800,0.0098,0.041
01_8b_page_001,rashi,qwen3_vl_8b_heb_v18b_step700,1.2147,1.641
01_8b_page_001,rashi,gpt_5_2,0.9392,1.0
01_8b_page_001,rashi,kraken_seg_rerun,0.5716,0.7231
01_9_page_001,rashi,qwen3_vl_8b_heb_v17_step800,0.0128,0.0516
01_9_page_001,rashi,qwen3_vl_8b_heb_v18b_step700,0.0105,0.0399
01_9_page_001,rashi,gpt_5_2,0.7313,0.9742
01_9_page_001,rashi,kraken_seg_rerun,0.2898,0.3685
01_9b_page_001,rashi,qwen3_vl_8b_heb_v17_step800,0.0398,0.1147
01_9b_page_001,rashi,qwen3_vl_8b_heb_v18b_step700,0.0254,0.055
01_9b_page_001,rashi,gpt_5_2,1.0,1.0
01_9b_page_001,rashi,kraken_seg_rerun,0.8697,1.1881
02_10_page_001,rashi,qwen3_vl_8b_heb_v17_step800,0.0151,0.0592
02_10_page_001,rashi,qwen3_vl_8b_heb_v18b_step700,0.0049,0.0178
02_10_page_001,rashi,gpt_5_2,0.9627,1.0
02_10_page_001,rashi,kraken_seg_rerun,0.74,0.9704
02_10b_page_001,rashi,qwen3_vl_8b_heb_v17_step800,0.0158,0.0578
02_10b_page_001,rashi,qwen3_vl_8b_heb_v18b_step700,0.0042,0.0139
02_10b_page_001,rashi,gpt_5_2,0.9657,1.0
02_10b_page_001,rashi,claude_opus_4_8,0.7274,0.9681
02_10b_page_001,rashi,claude_sonnet_5,0.8244,0.9721
02_10b_page_001,rashi,kraken_seg_rerun,0.7593,0.9741
02_11_page_001,rashi,qwen3_vl_8b_heb_v17_step800,0.017,0.0741
02_11_page_001,rashi,qwen3_vl_8b_heb_v18b_step700,0.016,0.0541
02_11_page_001,rashi,gpt_5_2,1.0,1.0
02_11_page_001,rashi,claude_opus_4_8,0.9123,1.0
02_11_page_001,rashi,claude_sonnet_5,0.9247,1.0
02_11_page_001,rashi,kraken_seg_rerun,0.148,0.2963
02_11b_page_001,rashi,qwen3_vl_8b_heb_v17_step800,0.0139,0.0552
02_11b_page_001,rashi,qwen3_vl_8b_heb_v18b_step700,0.0081,0.0374
02_11b_page_001,rashi,gpt_5_2,0.9715,1.0
02_11b_page_001,rashi,claude_opus_4_8,0.8733,0.9964
02_11b_page_001,rashi,claude_sonnet_5,0.8496,0.9875
02_11b_page_001,rashi,kraken_seg_rerun,0.7596,0.9786
02_12_page_001,rashi,qwen3_vl_8b_heb_v17_step800,0.036,0.1071
02_12_page_001,rashi,qwen3_vl_8b_heb_v18b_step700,0.0125,0.0402
02_12_page_001,rashi,gpt_5_2,0.9529,1.0
02_12_page_001,rashi,claude_opus_4_8,0.9625,1.0
02_12_page_001,rashi,claude_sonnet_5,0.8051,0.9981
02_12_page_001,rashi,kraken_seg_rerun,0.1317,0.2906
02_12b_page_001,rashi,qwen3_vl_8b_heb_v17_step800,0.0082,0.0341
02_12b_page_001,rashi,qwen3_vl_8b_heb_v18b_step700,0.0056,0.0205
02_12b_page_001,rashi,gpt_5_2,0.9373,1.0
02_12b_page_001,rashi,claude_opus_4_8,0.8464,1.0648
02_12b_page_001,rashi,claude_sonnet_5,0.8871,0.9932
02_12b_page_001,rashi,kraken_seg_rerun,0.1179,0.2594
02_13_page_001,rashi,qwen3_vl_8b_heb_v17_step800,0.0128,0.0443
02_13_page_001,rashi,qwen3_vl_8b_heb_v18b_step700,0.0078,0.0332
02_13_page_001,rashi,gpt_5_2,0.9231,1.0
02_13_page_001,rashi,claude_opus_4_8,0.9153,1.0
02_13_page_001,rashi,claude_sonnet_5,0.8968,0.9889
02_13_page_001,rashi,kraken_seg_rerun,0.1295,0.2657
02_13b_page_001,rashi,qwen3_vl_8b_heb_v17_step800,0.0178,0.0708
02_13b_page_001,rashi,qwen3_vl_8b_heb_v18b_step700,0.0093,0.0388
02_13b_page_001,rashi,gpt_5_2,0.8369,0.9886
02_13b_page_001,rashi,claude_opus_4_8,0.7596,0.9863
02_13b_page_001,rashi,claude_sonnet_5,0.8165,0.984
02_13b_page_001,rashi,kraken_seg_rerun,0.5858,0.7511
02_14_page_001,rashi,qwen3_vl_8b_heb_v17_step800,0.0058,0.0284
02_14_page_001,rashi,qwen3_vl_8b_heb_v18b_step700,0.0037,0.0153
02_14_page_001,rashi,gpt_5_2,0.9992,1.0
02_14_page_001,rashi,claude_opus_4_8,0.2594,0.3851
02_14_page_001,rashi,claude_sonnet_5,0.7954,0.9475
02_14_page_001,rashi,kraken_seg_rerun,0.5764,0.733
02_14b_page_001,rashi,qwen3_vl_8b_heb_v17_step800,0.0081,0.0357
02_14b_page_001,rashi,qwen3_vl_8b_heb_v18b_step700,0.0074,0.0282
02_14b_page_001,rashi,gpt_5_2,0.9625,1.0
02_14b_page_001,rashi,claude_opus_4_8,0.6494,0.7068
02_14b_page_001,rashi,claude_sonnet_5,0.8729,0.9812
02_14b_page_001,rashi,kraken_seg_rerun,0.6246,0.6974
02_15_page_001,rashi,qwen3_vl_8b_heb_v17_step800,0.0147,0.0431
02_15_page_001,rashi,qwen3_vl_8b_heb_v18b_step700,0.0029,0.0098
02_15_page_001,rashi,gpt_5_2,0.9735,0.9941
02_15_page_001,rashi,claude_opus_4_8,0.6277,0.7196
02_15_page_001,rashi,claude_sonnet_5,0.7093,0.9157
02_15_page_001,rashi,kraken_seg_rerun,0.1253,0.2725
02_15b_page_001,rashi,qwen3_vl_8b_heb_v17_step800,1.6501,1.6851
02_15b_page_001,rashi,qwen3_vl_8b_heb_v18b_step700,1.6474,1.6747
02_15b_page_001,rashi,gpt_5_2,0.8556,0.9862
02_15b_page_001,rashi,claude_opus_4_8,0.9174,1.0
02_15b_page_001,rashi,claude_sonnet_5,0.771,0.9965
02_15b_page_001,rashi,kraken_seg_rerun,0.0497,0.1869
02_16_page_001,rashi,qwen3_vl_8b_heb_v17_step800,0.0115,0.039
02_16_page_001,rashi,qwen3_vl_8b_heb_v18b_step700,0.0038,0.0173
02_16_page_001,rashi,gpt_5_2,0.9307,1.0
02_16_page_001,rashi,claude_opus_4_8,0.9169,1.0
02_16_page_001,rashi,claude_sonnet_5,0.9684,0.987
02_16_page_001,rashi,kraken_seg_rerun,0.3102,0.3896
02_16b_page_001,rashi,qwen3_vl_8b_heb_v17_step800,0.0177,0.0598
02_16b_page_001,rashi,qwen3_vl_8b_heb_v18b_step700,0.0091,0.0253
02_16b_page_001,rashi,gpt_5_2,0.9568,1.0
02_16b_page_001,rashi,claude_opus_4_8,0.838,1.0
02_16b_page_001,rashi,claude_sonnet_5,0.3629,0.6851
02_16b_page_001,rashi,kraken_seg_rerun,0.1417,0.2828
02_17_page_001,rashi,qwen3_vl_8b_heb_v17_step800,0.014,0.0535
02_17_page_001,rashi,qwen3_vl_8b_heb_v18b_step700,0.011,0.0401
02_17_page_001,rashi,gpt_5_2,0.9574,1.0
02_17_page_001,rashi,claude_opus_4_8,0.8101,0.9947
02_17_page_001,rashi,claude_sonnet_5,0.7976,0.9626
02_17_page_001,rashi,kraken_seg_rerun,0.1974,0.2754
02_17b_page_001,rashi,qwen3_vl_8b_heb_v17_step800,0.028,0.1067
02_17b_page_001,rashi,qwen3_vl_8b_heb_v18b_step700,0.0129,0.0632
02_17b_page_001,rashi,gpt_5_2,0.9331,1.0
02_17b_page_001,rashi,claude_opus_4_8,0.9008,0.996
02_17b_page_001,rashi,claude_sonnet_5,0.7937,0.9802
02_17b_page_001,rashi,kraken_seg_rerun,0.5104,0.6522
02_18_page_001,rashi,qwen3_vl_8b_heb_v17_step800,0.0197,0.0786
02_18_page_001,rashi,qwen3_vl_8b_heb_v18b_step700,0.01,0.0361
02_18_page_001,rashi,gpt_5_2,0.8879,0.9894
02_18_page_001,rashi,claude_opus_4_8,0.3859,0.5329
02_18_page_001,rashi,claude_sonnet_5,0.9666,0.9958
02_18_page_001,rashi,kraken_seg_rerun,0.2323,0.3355
02_18b_page_001,rashi,qwen3_vl_8b_heb_v17_step800,1.0823,1.5217
02_18b_page_001,rashi,qwen3_vl_8b_heb_v18b_step700,1.0881,1.528
02_18b_page_001,rashi,gpt_5_2,0.826,0.9845
02_18b_page_001,rashi,claude_opus_4_8,0.7811,1.0
02_18b_page_001,rashi,claude_sonnet_5,0.7612,0.9783
02_18b_page_001,rashi,kraken_seg_rerun,0.5371,0.6429
02_19_page_001,rashi,qwen3_vl_8b_heb_v17_step800,0.0257,0.0856
02_19_page_001,rashi,qwen3_vl_8b_heb_v18b_step700,0.0194,0.0616
02_19_page_001,rashi,gpt_5_2,0.812,0.9829
02_19_page_001,rashi,claude_opus_4_8,0.9242,1.0
02_19_page_001,rashi,claude_sonnet_5,0.8659,0.9829
02_19_page_001,rashi,kraken_seg_rerun,0.7456,0.9932
02_19b_page_001,rashi,qwen3_vl_8b_heb_v17_step800,0.0172,0.0616
02_19b_page_001,rashi,qwen3_vl_8b_heb_v18b_step700,0.0077,0.0318
02_19b_page_001,rashi,gpt_5_2,0.9645,1.0
02_19b_page_001,rashi,claude_opus_4_8,0.7689,0.9841
02_19b_page_001,rashi,claude_sonnet_5,0.8084,0.9543
02_19b_page_001,rashi,kraken_seg_rerun,0.1806,0.3141
02_20_page_001,rashi,qwen3_vl_8b_heb_v17_step800,0.0182,0.0618
02_20_page_001,rashi,qwen3_vl_8b_heb_v18b_step700,0.0068,0.0243
02_20_page_001,rashi,gpt_5_2,1.0,1.0
02_20_page_001,rashi,claude_opus_4_8,0.9814,1.0
02_20_page_001,rashi,claude_sonnet_5,0.7801,0.9514
02_20_page_001,rashi,kraken_seg_rerun,0.1507,0.2737
02_2_page_001,rashi,qwen3_vl_8b_heb_v17_step800,0.0113,0.024
02_2_page_001,rashi,qwen3_vl_8b_heb_v18b_step700,0.0034,0.006
02_2_page_001,rashi,gpt_5_2,0.9555,1.0
02_2_page_001,rashi,claude_opus_4_8,0.1769,0.2485
02_2_page_001,rashi,claude_sonnet_5,0.822,0.9671
02_2_page_001,rashi,kraken_seg_rerun,0.3037,0.4132
02_2b_page_001,rashi,qwen3_vl_8b_heb_v17_step800,0.0121,0.0335
02_2b_page_001,rashi,qwen3_vl_8b_heb_v18b_step700,0.0097,0.0246
02_2b_page_001,rashi,gpt_5_2,0.9705,1.0
02_2b_page_001,rashi,claude_opus_4_8,0.7637,0.8627
02_2b_page_001,rashi,claude_sonnet_5,0.6734,0.9032
02_2b_page_001,rashi,kraken_seg_rerun,0.7113,0.8363
02_3_page_001,rashi,qwen3_vl_8b_heb_v17_step800,0.0123,0.046
02_3_page_001,rashi,qwen3_vl_8b_heb_v18b_step700,0.0058,0.023
02_3_page_001,rashi,gpt_5_2,0.945,1.0
02_3_page_001,rashi,claude_opus_4_8,0.7699,0.9885
02_3_page_001,rashi,claude_sonnet_5,0.6339,0.8276
02_3_page_001,rashi,kraken_seg_rerun,0.2127,0.341
02_3b_page_001,rashi,qwen3_vl_8b_heb_v17_step800,0.0102,0.0387
02_3b_page_001,rashi,qwen3_vl_8b_heb_v18b_step700,0.0061,0.0224
02_3b_page_001,rashi,gpt_5_2,0.9659,1.0
02_3b_page_001,rashi,claude_opus_4_8,0.7869,0.9857
02_3b_page_001,rashi,claude_sonnet_5,0.9644,0.9857
02_3b_page_001,rashi,kraken_seg_rerun,0.7399,0.9654
02_4_page_001,rashi,qwen3_vl_8b_heb_v17_step800,0.0206,0.0735
02_4_page_001,rashi,qwen3_vl_8b_heb_v18b_step700,0.0131,0.049
02_4_page_001,rashi,gpt_5_2,0.809,0.9853
02_4_page_001,rashi,claude_opus_4_8,0.8315,0.9559
02_4_page_001,rashi,claude_sonnet_5,0.8661,0.9559
02_4_page_001,rashi,kraken_seg_rerun,0.1798,0.3088
02_4b_page_001,rashi,qwen3_vl_8b_heb_v17_step800,0.0043,0.0213
02_4b_page_001,rashi,qwen3_vl_8b_heb_v18b_step700,0.0029,0.0142
02_4b_page_001,rashi,gpt_5_2,0.9007,1.0
02_4b_page_001,rashi,claude_opus_4_8,0.6403,0.6738
02_4b_page_001,rashi,claude_sonnet_5,0.8863,1.0
02_4b_page_001,rashi,kraken_seg_rerun,0.5554,0.6099
02_5_page_001,rashi,qwen3_vl_8b_heb_v17_step800,0.0081,0.0365
02_5_page_001,rashi,qwen3_vl_8b_heb_v18b_step700,0.0064,0.0274
02_5_page_001,rashi,gpt_5_2,0.9456,1.0
02_5_page_001,rashi,claude_opus_4_8,0.5171,0.6474
02_5_page_001,rashi,claude_sonnet_5,0.694,0.9544
02_5_page_001,rashi,kraken_seg_rerun,0.3117,0.4559
02_5b_page_001,rashi,qwen3_vl_8b_heb_v17_step800,0.0166,0.0624
02_5b_page_001,rashi,qwen3_vl_8b_heb_v18b_step700,0.0087,0.039
02_5b_page_001,rashi,gpt_5_2,0.9649,1.0
02_5b_page_001,rashi,claude_opus_4_8,0.7572,0.8382
02_5b_page_001,rashi,claude_sonnet_5,0.7696,0.961
02_5b_page_001,rashi,kraken_seg_rerun,0.2032,0.3255
02_6_page_001,rashi,qwen3_vl_8b_heb_v17_step800,0.0118,0.0557
02_6_page_001,rashi,qwen3_vl_8b_heb_v18b_step700,0.0061,0.0245
02_6_page_001,rashi,gpt_5_2,0.8684,0.9889
02_6_page_001,rashi,claude_opus_4_8,0.6807,0.9666
02_6_page_001,rashi,claude_sonnet_5,0.6812,0.9265
02_6_page_001,rashi,kraken_seg_rerun,0.147,0.3474
02_6b_page_001,rashi,qwen3_vl_8b_heb_v17_step800,0.0108,0.0414
02_6b_page_001,rashi,qwen3_vl_8b_heb_v18b_step700,0.0037,0.0138
02_6b_page_001,rashi,gpt_5_2,0.9705,1.0
02_6b_page_001,rashi,claude_opus_4_8,0.5383,0.6331
02_6b_page_001,rashi,claude_sonnet_5,0.8808,0.9803
02_6b_page_001,rashi,kraken_seg_rerun,0.1838,0.2899
02_7b_page_001,rashi,qwen3_vl_8b_heb_v17_step800,0.0117,0.059
02_7b_page_001,rashi,qwen3_vl_8b_heb_v18b_step700,0.0072,0.0295
02_7b_page_001,rashi,gpt_5_2,0.8294,0.9912
02_7b_page_001,rashi,claude_opus_4_8,0.9075,1.0
02_7b_page_001,rashi,claude_sonnet_5,0.8255,1.1386
02_7b_page_001,rashi,kraken_seg_rerun,0.6828,0.9381
02_8_page_001,rashi,qwen3_vl_8b_heb_v17_step800,0.0136,0.0476
02_8_page_001,rashi,qwen3_vl_8b_heb_v18b_step700,0.0032,0.0128
02_8_page_001,rashi,gpt_5_2,0.9689,1.0
02_8_page_001,rashi,claude_opus_4_8,0.804,0.9817
02_8_page_001,rashi,claude_sonnet_5,0.6059,0.8919
02_8_page_001,rashi,kraken_seg_rerun,0.5709,0.6557
02_8b_page_001,rashi,qwen3_vl_8b_heb_v17_step800,0.01,0.0393
02_8b_page_001,rashi,qwen3_vl_8b_heb_v18b_step700,0.0056,0.0275
02_8b_page_001,rashi,gpt_5_2,0.9624,1.0
02_8b_page_001,rashi,claude_opus_4_8,0.6491,0.7289
02_8b_page_001,rashi,claude_sonnet_5,0.748,0.9823
02_8b_page_001,rashi,kraken_seg_rerun,0.5571,0.6562
02_9_page_001,rashi,qwen3_vl_8b_heb_v17_step800,0.0077,0.0363
02_9_page_001,rashi,qwen3_vl_8b_heb_v18b_step700,0.0037,0.0172
02_9_page_001,rashi,gpt_5_2,0.8361,0.9924
02_9_page_001,rashi,claude_opus_4_8,0.8236,0.9904
02_9_page_001,rashi,claude_sonnet_5,0.8108,0.935
02_9_page_001,rashi,kraken_seg_rerun,0.5284,0.566
02_9b_page_001,rashi,qwen3_vl_8b_heb_v17_step800,0.0135,0.0338
02_9b_page_001,rashi,qwen3_vl_8b_heb_v18b_step700,0.0101,0.0208
02_9b_page_001,rashi,gpt_5_2,0.9538,1.0
02_9b_page_001,rashi,claude_opus_4_8,0.7172,0.9377
02_9b_page_001,rashi,claude_sonnet_5,0.9192,0.9792
02_9b_page_001,rashi,kraken_seg_rerun,0.7311,0.9584
01_10_page_001,tosafot,qwen3_vl_8b_heb_v17_step800,0.0036,0.0192
01_10_page_001,tosafot,qwen3_vl_8b_heb_v18b_step700,0.0108,0.0577
01_10_page_001,tosafot,gpt_5_2,1.0,1.0
01_10_page_001,tosafot,claude_opus_4_8,1.4043,1.4423
01_10_page_001,tosafot,claude_sonnet_5,0.9386,1.0
01_10_page_001,tosafot,gemini_pro,0.0542,0.1154
01_10_page_001,tosafot,gemini_flash,2.7906,3.4615
01_10_page_001,tosafot,kraken_seg_rerun,0.2996,0.4231
01_10b_page_001,tosafot,qwen3_vl_8b_heb_v17_step800,0.0084,0.0435
01_10b_page_001,tosafot,qwen3_vl_8b_heb_v18b_step700,0.0084,0.0435
01_10b_page_001,tosafot,gpt_5_2,0.9414,1.0
01_10b_page_001,tosafot,claude_opus_4_8,0.8326,1.0
01_10b_page_001,tosafot,claude_sonnet_5,0.7615,1.0
01_10b_page_001,tosafot,gemini_pro,0.0042,0.0217
01_10b_page_001,tosafot,gemini_flash,3.7322,4.413
01_10b_page_001,tosafot,kraken_seg_rerun,0.1799,0.3043
01_11_page_001,tosafot,qwen3_vl_8b_heb_v17_step800,0.0077,0.0387
01_11_page_001,tosafot,qwen3_vl_8b_heb_v18b_step700,0.0047,0.0298
01_11_page_001,tosafot,gpt_5_2,0.7473,0.9881
01_11_page_001,tosafot,kraken_seg_rerun,0.1602,0.25
01_11b_page_001,tosafot,qwen3_vl_8b_heb_v17_step800,0.0315,0.0494
01_11b_page_001,tosafot,qwen3_vl_8b_heb_v18b_step700,0.0056,0.0203
01_11b_page_001,tosafot,gpt_5_2,0.9899,1.0
01_11b_page_001,tosafot,gemini_flash,0.7094,0.9738
01_11b_page_001,tosafot,kraken_seg_rerun,0.1259,0.2384
01_12_page_001,tosafot,qwen3_vl_8b_heb_v17_step800,0.0227,0.0845
01_12_page_001,tosafot,qwen3_vl_8b_heb_v18b_step700,0.009,0.0317
01_12_page_001,tosafot,gpt_5_2,0.8023,0.9824
01_12_page_001,tosafot,gemini_pro,0.1687,0.3099
01_12_page_001,tosafot,gemini_flash,1.0675,1.4049
01_12_page_001,tosafot,kraken_seg_rerun,0.146,0.25
01_12b_page_001,tosafot,qwen3_vl_8b_heb_v17_step800,0.0164,0.0546
01_12b_page_001,tosafot,qwen3_vl_8b_heb_v18b_step700,0.0016,0.0042
01_12b_page_001,tosafot,gpt_5_2,0.7736,0.9832
01_12b_page_001,tosafot,kraken_seg_rerun,0.4061,0.4496
01_13_page_001,tosafot,qwen3_vl_8b_heb_v17_step800,0.0163,0.0679
01_13_page_001,tosafot,qwen3_vl_8b_heb_v18b_step700,0.012,0.0491
01_13_page_001,tosafot,gpt_5_2,0.9483,1.0
01_13_page_001,tosafot,claude_opus_4_8,0.8505,0.9887
01_13_page_001,tosafot,claude_sonnet_5,0.9001,0.9887
01_13_page_001,tosafot,gemini_flash,0.1091,0.2566
01_13_page_001,tosafot,kraken_seg_rerun,0.1552,0.2792
01_13b_page_001,tosafot,qwen3_vl_8b_heb_v17_step800,0.0162,0.048
01_13b_page_001,tosafot,qwen3_vl_8b_heb_v18b_step700,0.0111,0.0306
01_13b_page_001,tosafot,gpt_5_2,0.7521,0.9913
01_13b_page_001,tosafot,gemini_pro,0.0613,0.1397
01_13b_page_001,tosafot,gemini_flash,0.1797,0.3275
01_13b_page_001,tosafot,kraken_seg_rerun,0.207,0.2751
01_14b_page_001,tosafot,qwen3_vl_8b_heb_v17_step800,0.008,0.0237
01_14b_page_001,tosafot,qwen3_vl_8b_heb_v18b_step700,0.0045,0.0118
01_14b_page_001,tosafot,gpt_5_2,21.0466,22.5858
01_14b_page_001,tosafot,gemini_flash,0.82,1.0592
01_14b_page_001,tosafot,kraken_seg_rerun,0.201,0.287
01_15_page_001,tosafot,qwen3_vl_8b_heb_v17_step800,0.0086,0.0308
01_15_page_001,tosafot,qwen3_vl_8b_heb_v18b_step700,0.0102,0.0336
01_15_page_001,tosafot,gpt_5_2,0.9633,0.9916
01_15_page_001,tosafot,gemini_flash,0.438,0.5462
01_15_page_001,tosafot,kraken_seg_rerun,0.1624,0.2493
01_15b_page_001,tosafot,qwen3_vl_8b_heb_v17_step800,0.0345,0.1186
01_15b_page_001,tosafot,qwen3_vl_8b_heb_v18b_step700,0.0197,0.0593
01_15b_page_001,tosafot,gpt_5_2,0.8947,1.0
01_15b_page_001,tosafot,gemini_pro,0.0773,0.1102
01_15b_page_001,tosafot,gemini_flash,1.5806,2.0339
01_15b_page_001,tosafot,kraken_seg_rerun,0.1497,0.2627
01_2_page_001,tosafot,qwen3_vl_8b_heb_v17_step800,0.0181,0.0739
01_2_page_001,tosafot,qwen3_vl_8b_heb_v18b_step700,0.01,0.0436
01_2_page_001,tosafot,gpt_5_2,0.866,0.9886
01_2_page_001,tosafot,gemini_flash,0.3688,0.4583
01_2_page_001,tosafot,kraken_seg_rerun,0.0613,0.1591
01_2b_page_001,tosafot,qwen3_vl_8b_heb_v17_step800,0.0126,0.0461
01_2b_page_001,tosafot,qwen3_vl_8b_heb_v18b_step700,0.0068,0.0217
01_2b_page_001,tosafot,gpt_5_2,0.9276,0.9946
01_2b_page_001,tosafot,gemini_flash,0.838,1.0
01_2b_page_001,tosafot,kraken_seg_rerun,0.2779,0.3848
01_3_page_001,tosafot,qwen3_vl_8b_heb_v17_step800,0.0166,0.0533
01_3_page_001,tosafot,qwen3_vl_8b_heb_v18b_step700,0.0114,0.0412
01_3_page_001,tosafot,gpt_5_2,0.999,1.0
01_3_page_001,tosafot,gemini_pro,0.0865,0.184
01_3_page_001,tosafot,gemini_flash,0.1388,0.276
01_3_page_001,tosafot,kraken_seg_rerun,0.1844,0.2712
01_3b_page_001,tosafot,qwen3_vl_8b_heb_v17_step800,0.0227,0.0725
01_3b_page_001,tosafot,qwen3_vl_8b_heb_v18b_step700,0.0062,0.0311
01_3b_page_001,tosafot,gpt_5_2,1.0,1.0
01_3b_page_001,tosafot,gemini_pro,0.1095,0.2383
01_3b_page_001,tosafot,kraken_seg_rerun,0.251,0.3316
01_4_page_001,tosafot,qwen3_vl_8b_heb_v17_step800,0.0213,0.078
01_4_page_001,tosafot,qwen3_vl_8b_heb_v18b_step700,0.0093,0.0496
01_4_page_001,tosafot,gpt_5_2,0.9068,1.0
01_4_page_001,tosafot,gemini_flash,0.6059,0.6738
01_4_page_001,tosafot,kraken_seg_rerun,0.2304,0.3617
01_4b_page_001,tosafot,qwen3_vl_8b_heb_v17_step800,0.0041,0.0213
01_4b_page_001,tosafot,qwen3_vl_8b_heb_v18b_step700,0.0061,0.0319
01_4b_page_001,tosafot,gpt_5_2,1.1207,1.4681
01_4b_page_001,tosafot,gemini_pro,1.074,1.484
01_4b_page_001,tosafot,gemini_flash,0.0832,0.1915
01_4b_page_001,tosafot,kraken_seg_rerun,0.7769,0.8777
01_5_page_001,tosafot,qwen3_vl_8b_heb_v17_step800,1.0,1.0
01_5_page_001,tosafot,qwen3_vl_8b_heb_v18b_step700,1.0,1.0
01_5_page_001,tosafot,gpt_5_2,1.0,1.0
01_5_page_001,tosafot,gemini_pro,1.0,1.0
01_5_page_001,tosafot,gemini_flash,1.0,1.0
01_5_page_001,tosafot,kraken_seg_rerun,1.0,1.0
01_5b_page_001,tosafot,qwen3_vl_8b_heb_v17_step800,0.0168,0.055
01_5b_page_001,tosafot,qwen3_vl_8b_heb_v18b_step700,0.0103,0.0388
01_5b_page_001,tosafot,gpt_5_2,0.7718,0.9838
01_5b_page_001,tosafot,kraken_seg_rerun,0.4172,0.5049
01_6_page_001,tosafot,qwen3_vl_8b_heb_v17_step800,0.0258,0.0945
01_6_page_001,tosafot,qwen3_vl_8b_heb_v18b_step700,0.0112,0.0473
01_6_page_001,tosafot,gpt_5_2,0.9427,1.0
01_6_page_001,tosafot,kraken_seg_rerun,0.2165,0.3382
01_6b_page_001,tosafot,qwen3_vl_8b_heb_v17_step800,1.0,1.0
01_6b_page_001,tosafot,qwen3_vl_8b_heb_v18b_step700,1.0,1.0
01_6b_page_001,tosafot,gpt_5_2,1.0,1.0
01_6b_page_001,tosafot,kraken_seg_rerun,1.0,1.0
01_7_page_001,tosafot,qwen3_vl_8b_heb_v17_step800,0.0235,0.1084
01_7_page_001,tosafot,qwen3_vl_8b_heb_v18b_step700,0.0047,0.0241
01_7_page_001,tosafot,gpt_5_2,0.9576,1.1687
01_7_page_001,tosafot,kraken_seg_rerun,0.7835,0.8795
01_7b_page_001,tosafot,qwen3_vl_8b_heb_v17_step800,0.0174,0.0539
01_7b_page_001,tosafot,qwen3_vl_8b_heb_v18b_step700,0.0116,0.0441
01_7b_page_001,tosafot,gpt_5_2,0.9797,1.3431
01_7b_page_001,tosafot,kraken_seg_rerun,0.0831,0.2059
01_8_page_001,tosafot,qwen3_vl_8b_heb_v17_step800,0.0208,0.0787
01_8_page_001,tosafot,qwen3_vl_8b_heb_v18b_step700,0.0032,0.0157
01_8_page_001,tosafot,gpt_5_2,0.7872,1.0
01_8_page_001,tosafot,kraken_seg_rerun,0.6016,0.8031
01_8b_page_001,tosafot,qwen3_vl_8b_heb_v17_step800,0.0085,0.0444
01_8b_page_001,tosafot,qwen3_vl_8b_heb_v18b_step700,0.0057,0.0296
01_8b_page_001,tosafot,gpt_5_2,0.9535,1.0
01_8b_page_001,tosafot,kraken_seg_rerun,0.2285,0.3343
01_9_page_001,tosafot,qwen3_vl_8b_heb_v17_step800,0.0146,0.073
01_9_page_001,tosafot,qwen3_vl_8b_heb_v18b_step700,0.0095,0.0472
01_9_page_001,tosafot,gpt_5_2,0.7947,1.0129
01_9_page_001,tosafot,kraken_seg_rerun,0.2268,0.2918
01_9b_page_001,tosafot,qwen3_vl_8b_heb_v17_step800,0.0203,0.0384
01_9b_page_001,tosafot,qwen3_vl_8b_heb_v18b_step700,0.0193,0.0329
01_9b_page_001,tosafot,gpt_5_2,0.9631,1.0
01_9b_page_001,tosafot,kraken_seg_rerun,0.1916,0.2685
02_10_page_001,tosafot,qwen3_vl_8b_heb_v17_step800,0.0113,0.0244
02_10_page_001,tosafot,qwen3_vl_8b_heb_v18b_step700,0.0045,0.0122
02_10_page_001,tosafot,gpt_5_2,1.0,1.0
02_10_page_001,tosafot,kraken_seg_rerun,0.3457,0.5122
02_10b_page_001,tosafot,qwen3_vl_8b_heb_v17_step800,0.0127,0.0523
02_10b_page_001,tosafot,qwen3_vl_8b_heb_v18b_step700,0.0061,0.0185
02_10b_page_001,tosafot,gpt_5_2,0.9527,1.0
02_10b_page_001,tosafot,claude_opus_4_8,0.8364,0.9631
02_10b_page_001,tosafot,claude_sonnet_5,0.8721,0.9631
02_10b_page_001,tosafot,kraken_seg_rerun,0.6273,0.7415
02_11_page_001,tosafot,qwen3_vl_8b_heb_v17_step800,0.0103,0.0339
02_11_page_001,tosafot,qwen3_vl_8b_heb_v18b_step700,0.0034,0.009
02_11_page_001,tosafot,gpt_5_2,0.9717,1.0
02_11_page_001,tosafot,claude_opus_4_8,0.9571,1.0
02_11_page_001,tosafot,claude_sonnet_5,0.9009,0.9865
02_11_page_001,tosafot,kraken_seg_rerun,0.1996,0.298
02_11b_page_001,tosafot,qwen3_vl_8b_heb_v17_step800,1.4553,1.9263
02_11b_page_001,tosafot,qwen3_vl_8b_heb_v18b_step700,1.454,1.9298
02_11b_page_001,tosafot,gpt_5_2,0.9405,1.0
02_11b_page_001,tosafot,claude_opus_4_8,0.8721,1.0
02_11b_page_001,tosafot,claude_sonnet_5,0.7781,0.9719
02_11b_page_001,tosafot,kraken_seg_rerun,0.2172,0.3474
02_12_page_001,tosafot,qwen3_vl_8b_heb_v17_step800,0.0095,0.0408
02_12_page_001,tosafot,qwen3_vl_8b_heb_v18b_step700,0.0063,0.0238
02_12_page_001,tosafot,gpt_5_2,0.9538,1.0
02_12_page_001,tosafot,claude_opus_4_8,0.9297,1.0
02_12_page_001,tosafot,claude_sonnet_5,0.793,0.9592
02_12_page_001,tosafot,kraken_seg_rerun,0.1291,0.2381
02_12b_page_001,tosafot,qwen3_vl_8b_heb_v17_step800,0.0146,0.0524
02_12b_page_001,tosafot,qwen3_vl_8b_heb_v18b_step700,0.0123,0.041
02_12b_page_001,tosafot,gpt_5_2,0.9758,1.0
02_12b_page_001,tosafot,claude_opus_4_8,0.7984,0.9727
02_12b_page_001,tosafot,claude_sonnet_5,0.792,0.9476
02_12b_page_001,tosafot,kraken_seg_rerun,0.2227,0.3462
02_13_page_001,tosafot,qwen3_vl_8b_heb_v17_step800,0.0037,0.0189
02_13_page_001,tosafot,qwen3_vl_8b_heb_v18b_step700,0.0014,0.0047
02_13_page_001,tosafot,gpt_5_2,0.9567,1.0
02_13_page_001,tosafot,claude_opus_4_8,0.8442,1.0
02_13_page_001,tosafot,claude_sonnet_5,0.8331,0.948
02_13_page_001,tosafot,kraken_seg_rerun,0.1217,0.1962
02_13b_page_001,tosafot,qwen3_vl_8b_heb_v17_step800,0.0084,0.0352
02_13b_page_001,tosafot,qwen3_vl_8b_heb_v18b_step700,0.0079,0.0176
02_13b_page_001,tosafot,gpt_5_2,0.9599,1.0
02_13b_page_001,tosafot,claude_opus_4_8,0.8075,1.0
02_13b_page_001,tosafot,claude_sonnet_5,0.7556,0.9774
02_13b_page_001,tosafot,kraken_seg_rerun,0.3142,0.4045
02_14b_page_001,tosafot,qwen3_vl_8b_heb_v17_step800,0.0085,0.0249
02_14b_page_001,tosafot,qwen3_vl_8b_heb_v18b_step700,0.0045,0.0113
02_14b_page_001,tosafot,gpt_5_2,0.8215,0.9841
02_14b_page_001,tosafot,claude_opus_4_8,0.7363,0.966
02_14b_page_001,tosafot,claude_sonnet_5,0.7519,0.9501
02_14b_page_001,tosafot,kraken_seg_rerun,0.3713,0.5034
02_15_page_001,tosafot,qwen3_vl_8b_heb_v17_step800,0.0114,0.0354
02_15_page_001,tosafot,qwen3_vl_8b_heb_v18b_step700,0.0119,0.0413
02_15_page_001,tosafot,gpt_5_2,0.8142,0.9794
02_15_page_001,tosafot,claude_opus_4_8,0.8199,1.0
02_15_page_001,tosafot,claude_sonnet_5,0.6983,0.882
02_15_page_001,tosafot,kraken_seg_rerun,0.4739,0.5959
02_18_page_001,tosafot,qwen3_vl_8b_heb_v17_step800,0.0076,0.0204
02_18_page_001,tosafot,qwen3_vl_8b_heb_v18b_step700,0.008,0.0204
02_18_page_001,tosafot,gpt_5_2,0.9717,1.0
02_18_page_001,tosafot,claude_opus_4_8,0.7438,0.9556
02_18_page_001,tosafot,claude_sonnet_5,0.7238,0.9667
02_18_page_001,tosafot,kraken_seg_rerun,0.2264,0.3019
02_18b_page_001,tosafot,qwen3_vl_8b_heb_v17_step800,0.0163,0.0472
02_18b_page_001,tosafot,qwen3_vl_8b_heb_v18b_step700,0.0072,0.0256
02_18b_page_001,tosafot,gpt_5_2,0.9621,1.0
02_18b_page_001,tosafot,claude_opus_4_8,0.4956,0.6063
02_18b_page_001,tosafot,claude_sonnet_5,0.756,0.9665
02_18b_page_001,tosafot,kraken_seg_rerun,0.4767,0.5551
02_19b_page_001,tosafot,qwen3_vl_8b_heb_v17_step800,0.0055,0.0207
02_19b_page_001,tosafot,qwen3_vl_8b_heb_v18b_step700,0.007,0.0188
02_19b_page_001,tosafot,gpt_5_2,0.8389,0.9887
02_19b_page_001,tosafot,claude_opus_4_8,0.9071,0.9981
02_19b_page_001,tosafot,claude_sonnet_5,0.9676,0.9962
02_19b_page_001,tosafot,kraken_seg_rerun,0.2618,0.3102
02_20_page_001,tosafot,qwen3_vl_8b_heb_v17_step800,0.0063,0.0232
02_20_page_001,tosafot,qwen3_vl_8b_heb_v18b_step700,0.0024,0.0084
02_20_page_001,tosafot,gpt_5_2,0.9744,1.0
02_20_page_001,tosafot,claude_opus_4_8,0.8643,0.9789
02_20_page_001,tosafot,claude_sonnet_5,0.8868,0.9789
02_20_page_001,tosafot,kraken_seg_rerun,0.2339,0.3354
02_3b_page_001,tosafot,qwen3_vl_8b_heb_v17_step800,0.0099,0.0328
02_3b_page_001,tosafot,qwen3_vl_8b_heb_v18b_step700,0.0017,0.0066
02_3b_page_001,tosafot,gpt_5_2,0.9748,1.0
02_3b_page_001,tosafot,claude_opus_4_8,0.9472,1.0
02_3b_page_001,tosafot,claude_sonnet_5,0.7383,0.9476
02_3b_page_001,tosafot,kraken_seg_rerun,0.624,0.8603
02_5_page_001,tosafot,qwen3_vl_8b_heb_v17_step800,0.006,0.0215
02_5_page_001,tosafot,qwen3_vl_8b_heb_v18b_step700,0.0039,0.0129
02_5_page_001,tosafot,gpt_5_2,0.8103,0.972
02_5_page_001,tosafot,claude_opus_4_8,0.6533,0.7871
02_5_page_001,tosafot,claude_sonnet_5,0.8275,0.9699
02_5_page_001,tosafot,kraken_seg_rerun,0.4576,0.5763
02_5b_page_001,tosafot,qwen3_vl_8b_heb_v17_step800,0.0081,0.025
02_5b_page_001,tosafot,qwen3_vl_8b_heb_v18b_step700,0.0019,0.0077
02_5b_page_001,tosafot,gpt_5_2,0.8396,0.9923
02_5b_page_001,tosafot,claude_opus_4_8,0.7872,0.975
02_5b_page_001,tosafot,claude_sonnet_5,0.7387,0.9731
02_5b_page_001,tosafot,kraken_seg_rerun,0.3078,0.3781
02_6_page_001,tosafot,qwen3_vl_8b_heb_v17_step800,0.0159,0.0481
02_6_page_001,tosafot,qwen3_vl_8b_heb_v18b_step700,0.0101,0.0294
02_6_page_001,tosafot,gpt_5_2,0.9523,1.0
02_6_page_001,tosafot,claude_opus_4_8,0.9163,1.0107
02_6_page_001,tosafot,claude_sonnet_5,0.7685,0.9706
02_6_page_001,tosafot,kraken_seg_rerun,0.2675,0.393
02_6b_page_001,tosafot,qwen3_vl_8b_heb_v17_step800,0.0077,0.0201
02_6b_page_001,tosafot,qwen3_vl_8b_heb_v18b_step700,0.0012,0.004
02_6b_page_001,tosafot,gpt_5_2,0.9723,1.0
02_6b_page_001,tosafot,claude_opus_4_8,0.7007,0.757
02_6b_page_001,tosafot,claude_sonnet_5,0.7388,0.9378
02_6b_page_001,tosafot,kraken_seg_rerun,0.3744,0.492
02_7_page_001,tosafot,qwen3_vl_8b_heb_v17_step800,0.0086,0.0394
02_7_page_001,tosafot,qwen3_vl_8b_heb_v18b_step700,0.0024,0.0118
02_7_page_001,tosafot,gpt_5_2,0.7162,0.9803
02_7_page_001,tosafot,claude_opus_4_8,0.7382,0.9724
02_7_page_001,tosafot,claude_sonnet_5,0.7602,0.9646
02_7_page_001,tosafot,kraken_seg_rerun,0.173,0.252
02_7b_page_001,tosafot,qwen3_vl_8b_heb_v17_step800,0.0059,0.0251
02_7b_page_001,tosafot,qwen3_vl_8b_heb_v18b_step700,0.0036,0.0137
02_7b_page_001,tosafot,gpt_5_2,0.9652,1.0
02_7b_page_001,tosafot,claude_opus_4_8,0.906,0.9932
02_7b_page_001,tosafot,claude_sonnet_5,0.7402,0.9453
02_7b_page_001,tosafot,kraken_seg_rerun,0.2684,0.3667
02_8b_page_001,tosafot,qwen3_vl_8b_heb_v17_step800,0.0054,0.022
02_8b_page_001,tosafot,qwen3_vl_8b_heb_v18b_step700,0.0027,0.011
02_8b_page_001,tosafot,gpt_5_2,0.9544,1.0
02_8b_page_001,tosafot,claude_opus_4_8,0.869,1.0
02_8b_page_001,tosafot,claude_sonnet_5,0.8347,0.9725
02_8b_page_001,tosafot,kraken_seg_rerun,0.2211,0.3168
