fragment_id,donor_id,n_lines,n_changed,ngram_p_unclipped_n5_before,ngram_p_unclipped_n5_after,ngram_p_unclipped_n5_delta,ngram_p_clipped_n5_before,ngram_p_clipped_n5_after,ngram_p_clipped_n5_delta,aligned_precision_before,aligned_precision_after,aligned_precision_delta,aligned_recall_before,aligned_recall_after,aligned_recall_delta,aligned_f1_before,aligned_f1_after,aligned_f1_delta,cer_before,cer_after,cer_delta,cer_lenient_before,cer_lenient_after,cer_lenient_delta,loop_ratio_before,loop_ratio_after,loop_ratio_delta
Cambridge_CUL_T_S_13J8_6,Cambridge_CUL_T_S_13J8_6,27,8,0.67,0.7918,0.1218,0.669,0.653,-0.016,0.9237,0.5248,-0.3989,0.6768,0.4142,-0.2627,0.7812,0.463,-0.3183,0.3324,0.4816,0.1492,0.3295,0.4816,0.1521,0.0237,0.0218,-0.0019
Cambridge_CUL_T_S_10J16_19,Cambridge_CUL_T_S_10J16_19,27,8,0.7487,0.8129,0.0643,0.7443,0.614,-0.1304,0.9096,0.4444,-0.4652,0.7778,0.3803,-0.3975,0.8385,0.4098,-0.4287,0.2692,0.4582,0.1891,0.2664,0.4562,0.1898,0.0129,0.0385,0.0257
Oxford_Bodleian_MS_heb_a_2_4,Oxford_Bodleian_MS_heb_a_2_4,32,9,0.4629,0.6332,0.1703,0.264,0.3639,0.0999,0.2104,0.2901,0.0797,0.1623,0.2288,0.0665,0.1833,0.2558,0.0725,0.7655,0.7431,-0.0224,0.7655,0.7431,-0.0224,0.1293,0.1042,-0.0251
Cambridge_CUL_Or_1080_J262,Cambridge_CUL_Or_1080_J262,54,17,0.6488,0.6893,0.0405,0.6474,0.5294,-0.118,0.8543,0.6108,-0.2435,0.7635,0.4309,-0.3327,0.8063,0.5053,-0.3011,0.2595,0.518,0.2585,0.2575,0.518,0.2605,0.0345,0.0438,0.0093
Cambridge_CUL_T_S_13J5_3,Cambridge_CUL_T_S_13J5_3,30,9,0.5197,0.7311,0.2114,0.5197,0.6436,0.1238,0.8602,0.5695,-0.2907,0.3546,0.3269,-0.0277,0.5022,0.4153,-0.0868,0.636,0.6266,-0.0094,0.6349,0.626,-0.0089,0.0204,0.0726,0.0522
Cambridge_CUL_T_S_16_170,Cambridge_CUL_T_S_16_170,32,9,0.7456,0.8472,0.1016,0.7456,0.8243,0.0788,0.77,0.631,-0.139,0.3663,0.3941,0.0279,0.4964,0.4852,-0.0112,0.6829,0.6221,-0.0608,0.6803,0.6216,-0.0588,0.0163,0.0248,0.0085
Cambridge_CUL_T_S_10J12_9,Cambridge_CUL_T_S_10J12_9,21,6,0.7909,0.8724,0.0815,0.7909,0.6118,-0.1791,0.9531,0.4616,-0.4914,0.9438,0.4422,-0.5016,0.9484,0.4517,-0.4967,0.0659,0.2659,0.2,0.0659,0.2659,0.2,0.0159,0.0491,0.0332
Cambridge_CUL_T_S_20_4,Cambridge_CUL_T_S_20_4,13,4,0.549,0.8763,0.3273,0.512,0.5998,0.0878,0.6691,0.638,-0.0312,0.1562,0.2826,0.1265,0.2532,0.3917,0.1385,0.83,0.7084,-0.1217,0.8283,0.7084,-0.1199,0.0286,0.0419,0.0133
Oxford_Bodleian_MS_heb_b_11_7,Oxford_Bodleian_MS_heb_b_11_7,45,14,0.6059,0.789,0.1831,0.6059,0.6165,0.0106,0.577,0.3102,-0.2668,0.3288,0.2175,-0.1113,0.4189,0.2557,-0.1632,0.7321,0.6953,-0.0368,0.7311,0.6953,-0.0358,0.016,0.0219,0.0059
Cambridge_CUL_T_S_10J4_12,Cambridge_CUL_T_S_10J4_12,38,11,0.6767,0.7165,0.0397,0.6751,0.5455,-0.1297,0.8985,0.6565,-0.242,0.7931,0.4292,-0.3639,0.8425,0.5191,-0.3235,0.2445,0.552,0.3075,0.2389,0.5476,0.3086,0.0189,0.0515,0.0326
Cambridge_CUL_T_S_10J21_1,Cambridge_CUL_T_S_10J21_1,42,13,0.5565,0.6656,0.1092,0.383,0.4443,0.0613,0.3674,0.2843,-0.0831,0.4831,0.3869,-0.0962,0.4174,0.3278,-0.0896,0.8678,0.9563,0.0885,0.8623,0.9563,0.094,0.0585,0.0546,-0.0039
Cambridge_CUL_T_S_13J2_14,Cambridge_CUL_T_S_13J2_14,26,7,0.4464,0.5968,0.1504,0.4437,0.4585,0.0148,0.819,0.3874,-0.4316,0.681,0.336,-0.345,0.7436,0.3599,-0.3838,0.3351,0.4364,0.1013,0.3333,0.4355,0.1022,0.0164,0.0315,0.0151
Oxford_Bodleian_MS_heb_b_11_28,Oxford_Bodleian_MS_heb_b_11_28,36,11,0.7346,0.7819,0.0473,0.7346,0.5745,-0.1602,0.9155,0.5981,-0.3175,0.8644,0.5533,-0.3111,0.8892,0.5748,-0.3144,0.1775,0.3599,0.1825,0.1775,0.3599,0.1825,0.0156,0.0476,0.032
Oxford_Bodleian_MS_heb_c_28_66,Oxford_Bodleian_MS_heb_c_28_66,20,6,0.755,0.8181,0.063,0.75,0.539,-0.211,0.9433,0.4723,-0.471,0.9273,0.4128,-0.5145,0.9352,0.4405,-0.4947,0.0945,0.3546,0.2601,0.0921,0.3538,0.2617,0.012,0.0405,0.0284
Cambridge_CUL_T_S_13J26_15,Cambridge_CUL_T_S_13J26_15,29,8,0.6876,0.8134,0.1258,0.6815,0.6783,-0.0032,0.9148,0.484,-0.4308,0.7472,0.4012,-0.346,0.8225,0.4387,-0.3838,0.2753,0.4033,0.1279,0.2753,0.4033,0.1279,0.0365,0.0543,0.0178
Cambridge_CUL_T_S_10J13_11,Cambridge_CUL_T_S_10J13_11,48,15,0.5839,0.7201,0.1362,0.5839,0.5822,-0.0017,0.4295,0.5803,0.1508,0.3005,0.4266,0.1261,0.3536,0.4917,0.1382,0.4725,0.5722,0.0998,0.4702,0.5711,0.1009,0.0253,0.0724,0.0472
Cambridge_CUL_T_S_16_124,Cambridge_CUL_T_S_16_124,43,12,0.6179,0.7226,0.1047,0.6151,0.5082,-0.1069,0.8831,0.5387,-0.3444,0.8128,0.3696,-0.4432,0.8465,0.4384,-0.4081,0.2117,0.5364,0.3247,0.211,0.5364,0.3254,0.0111,0.0452,0.034
Cambridge_CUL_T_S_13J26_14,Cambridge_CUL_T_S_13J26_14,43,12,0.3158,0.509,0.1932,0.3158,0.4078,0.092,0.7994,0.6399,-0.1595,0.6664,0.4513,-0.215,0.7268,0.5293,-0.1975,0.3628,0.5389,0.1761,0.3619,0.5381,0.1761,0.0161,0.0583,0.0422
Cambridge_CUL_T_S_20_110,Cambridge_CUL_T_S_20_110,37,12,0.6707,0.7473,0.0766,0.6698,0.5675,-0.1022,0.8539,0.5346,-0.3193,0.8205,0.4365,-0.3841,0.8369,0.4806,-0.3563,0.2325,0.5049,0.2723,0.227,0.5021,0.2751,0.0221,0.039,0.0169
Cambridge_CUL_T_S_24_13,Cambridge_CUL_T_S_24_13,75,22,0.5376,0.6785,0.1409,0.5342,0.5135,-0.0206,0.7904,0.6964,-0.094,0.6757,0.6312,-0.0444,0.7285,0.6622,-0.0663,0.3584,0.3991,0.0407,0.3726,0.4107,0.0381,0.0165,0.0237,0.0072
Cambridge_CUL_T_S_8J4_18,Cambridge_CUL_T_S_8J4_18,30,9,0.727,0.7925,0.0654,0.724,0.5818,-0.1423,0.8586,0.6022,-0.2564,0.6848,0.4519,-0.2329,0.762,0.5164,-0.2456,0.3364,0.5213,0.1848,0.3336,0.5185,0.1848,0.0177,0.0563,0.0386
Cambridge_CUL_T_S_16_128,Cambridge_CUL_T_S_16_128,26,7,0.4149,0.6011,0.1863,0.4136,0.3931,-0.0205,0.8166,0.533,-0.2836,0.7859,0.459,-0.3269,0.801,0.4933,-0.3077,0.2555,0.4301,0.1745,0.2555,0.4301,0.1745,0.0153,0.0514,0.0361
Cambridge_CUL_T_S_20_63,Cambridge_CUL_T_S_20_63,43,12,0.4685,0.7185,0.25,0.4672,0.5499,0.0827,0.3297,0.3472,0.0175,0.1829,0.2225,0.0396,0.2353,0.2712,0.0359,0.7556,0.7281,-0.0275,0.7496,0.7189,-0.0307,0.0157,0.0446,0.0289
Cambridge_CUL_T_S_16_117,Cambridge_CUL_T_S_16_117,23,6,0.3981,0.742,0.3438,0.3704,0.6608,0.2904,0.4736,0.5476,0.074,0.1449,0.2492,0.1043,0.2219,0.3425,0.1206,0.8188,0.7389,-0.0799,0.8188,0.7389,-0.0799,0.0474,0.0385,-0.0089
Oxford_Bodleian_MS_heb_d_66_32,Oxford_Bodleian_MS_heb_d_66_32,47,14,0.5217,0.6515,0.1298,0.5217,0.4799,-0.0418,0.7419,0.5842,-0.1577,0.705,0.5492,-0.1558,0.723,0.5662,-0.1568,0.3448,0.4406,0.0958,0.3423,0.4393,0.0971,0.0207,0.0626,0.042
Cambridge_CUL_T_S_18J1_14,Cambridge_CUL_T_S_18J1_14,32,9,0.4569,0.6,0.1431,0.4534,0.4828,0.0293,0.8114,0.6131,-0.1983,0.7756,0.5837,-0.192,0.7931,0.598,-0.1951,0.2711,0.3865,0.1154,0.2711,0.3865,0.1154,0.0205,0.0411,0.0205
Cambridge_CUL_T_S_10J4_10,Cambridge_CUL_T_S_10J4_10,35,10,0.6849,0.771,0.086,0.6837,0.6032,-0.0805,0.8806,0.706,-0.1746,0.7996,0.6211,-0.1785,0.8382,0.6609,-0.1773,0.2413,0.3679,0.1266,0.2368,0.3652,0.1284,0.0305,0.0477,0.0172
Cambridge_CUL_T_S_Misc_35_11,Cambridge_CUL_T_S_Misc_35_11,34,11,0.4918,0.6306,0.1389,0.2691,0.3797,0.1106,0.4202,0.3346,-0.0856,0.5087,0.3254,-0.1832,0.4602,0.3299,-0.1303,0.7821,0.7101,-0.072,0.7821,0.7101,-0.072,0.0246,0.0307,0.0061
Cambridge_CUL_T_S_13J13_16,Cambridge_CUL_T_S_13J13_16,51,16,0.6644,0.7275,0.0631,0.6598,0.5625,-0.0973,0.8939,0.6147,-0.2792,0.8231,0.5215,-0.3016,0.857,0.5643,-0.2928,0.2081,0.3783,0.1702,0.2072,0.3774,0.1702,0.0137,0.0299,0.0162
Cambridge_CUL_T_S_10J2_3,Cambridge_CUL_T_S_10J2_3,51,16,0.3401,0.6142,0.2741,0.3401,0.4139,0.0737,0.697,0.4124,-0.2847,0.4755,0.3345,-0.141,0.5653,0.3694,-0.1959,0.5579,0.5914,0.0335,0.5579,0.5914,0.0335,0.027,0.0669,0.0399
Cambridge_CUL_T_S_13J14_7,Cambridge_CUL_T_S_13J14_7,38,11,0.7419,0.8224,0.0805,0.7405,0.6113,-0.1292,0.7962,0.3712,-0.425,0.6772,0.3151,-0.3621,0.7319,0.3409,-0.391,0.3373,0.4278,0.0905,0.3288,0.4244,0.0956,0.0156,0.0461,0.0305
Cambridge_CUL_T_S_18J2_16,Cambridge_CUL_T_S_18J2_16,35,10,0.6062,0.7062,0.1,0.6054,0.5446,-0.0607,0.9117,0.5055,-0.4062,0.8795,0.4772,-0.4023,0.8953,0.4909,-0.4044,0.1357,0.3226,0.1869,0.1357,0.3226,0.1869,0.0095,0.0291,0.0196
Oxford_Bodleian_MS_heb_d_68_101,Oxford_Bodleian_MS_heb_d_68_101,74,23,0.3305,0.5383,0.2078,0.3305,0.3685,0.038,0.3801,0.3579,-0.0222,0.2998,0.2836,-0.0162,0.3352,0.3164,-0.0187,0.7002,0.6928,-0.0075,0.7002,0.6928,-0.0075,0.0252,0.0493,0.0241
New_York_JTS_ENA_NS_50_32,New_York_JTS_ENA_NS_50_32,37,12,0.4607,0.6514,0.1907,0.4607,0.4462,-0.0144,0.8248,0.5119,-0.3129,0.6725,0.4036,-0.2689,0.7409,0.4513,-0.2896,0.3568,0.5109,0.1541,0.3568,0.5109,0.1541,0.0115,0.0357,0.0242
Cambridge_CUL_T_S_16_307,Cambridge_CUL_T_S_16_307,32,9,0.5406,0.6172,0.0766,0.5381,0.4286,-0.1095,0.7678,0.5595,-0.2083,0.748,0.504,-0.244,0.7578,0.5303,-0.2275,0.4097,0.5813,0.1716,0.4087,0.5804,0.1716,0.0154,0.0331,0.0177
Cambridge_CUL_T_S_16_256,Cambridge_CUL_T_S_16_256,36,11,0.6863,0.7463,0.0599,0.6839,0.5034,-0.1805,0.9038,0.562,-0.3418,0.868,0.4894,-0.3786,0.8855,0.5232,-0.3623,0.1597,0.3915,0.2318,0.1487,0.3841,0.2355,0.0147,0.0486,0.0339
Cambridge_CUL_T_S_8J24_6,Cambridge_CUL_T_S_8J24_6,35,10,0.636,0.7009,0.0649,0.636,0.524,-0.112,0.8357,0.4556,-0.3801,0.7518,0.3902,-0.3615,0.7915,0.4204,-0.3711,0.3515,0.5294,0.1779,0.3415,0.5237,0.1822,0.0249,0.0779,0.053
Cambridge_CUL_T_S_10J14_1,Cambridge_CUL_T_S_10J14_1,27,8,0.5638,0.6508,0.0869,0.5622,0.54,-0.0222,0.8702,0.6851,-0.1852,0.8601,0.6593,-0.2008,0.8651,0.6719,-0.1932,0.1671,0.3109,0.1438,0.1671,0.3109,0.1438,0.0198,0.0609,0.0411
Cambridge_CUL_T_S_8_143,Cambridge_CUL_T_S_8_143,57,18,0.4327,0.686,0.2533,0.4327,0.5432,0.1104,0.7025,0.6421,-0.0604,0.5431,0.5284,-0.0147,0.6126,0.5797,-0.0329,0.5294,0.5342,0.0049,0.5254,0.5313,0.0059,0.0193,0.0355,0.0162
Cambridge_CUL_T_S_18J1_32,Cambridge_CUL_T_S_18J1_32,44,13,0.7436,0.8206,0.077,0.7399,0.6655,-0.0744,0.5667,0.5503,-0.0164,0.5542,0.5681,0.0139,0.5604,0.559,-0.0013,0.6278,0.6232,-0.0046,0.6261,0.6226,-0.0035,0.0264,0.0416,0.0152
Cambridge_CUL_T_S_AS_147_38,Cambridge_CUL_T_S_AS_147_38,59,18,0.3121,0.5192,0.2071,0.3121,0.4003,0.0882,0.5919,0.4459,-0.146,0.6132,0.4148,-0.1984,0.6024,0.4298,-0.1726,0.6012,0.7258,0.1246,0.6012,0.7258,0.1246,0.0361,0.0417,0.0055
Manchester_JRL_A_960,Manchester_JRL_A_960,15,4,0.7398,0.8031,0.0633,0.733,0.6701,-0.063,0.9135,0.6915,-0.222,0.8086,0.547,-0.2616,0.8579,0.6109,-0.247,0.2185,0.4003,0.1818,0.2185,0.4003,0.1818,0.0538,0.0911,0.0373
Cambridge_Mosseri_VII_67_2,Cambridge_Mosseri_VII_67_2,47,14,0.4302,0.6296,0.1995,0.4302,0.4843,0.0542,0.5118,0.5871,0.0752,0.3833,0.4235,0.0403,0.4383,0.492,0.0537,0.6844,0.6731,-0.0113,0.6844,0.6731,-0.0113,0.0331,0.1014,0.0683
Cambridge_CUL_T_S_13J23_7,Cambridge_CUL_T_S_13J23_7,12,3,0.5047,0.5936,0.089,0.5028,0.4452,-0.0576,0.8472,0.3615,-0.4857,0.7932,0.3569,-0.4363,0.8193,0.3592,-0.4601,0.2323,0.3357,0.1034,0.2323,0.3357,0.1034,0.0223,0.0632,0.0409
Cambridge_CUL_T_S_16_138,Cambridge_CUL_T_S_16_138,32,9,0.5768,0.8084,0.2316,0.4922,0.4151,-0.0772,0.3164,0.3581,0.0417,0.1667,0.2713,0.1046,0.2183,0.3087,0.0904,0.7975,0.7483,-0.0492,0.7975,0.7479,-0.0497,0.053,0.0409,-0.0121
Cambridge_CUL_T_S_13J6_23,Cambridge_CUL_T_S_13J6_23,38,11,0.4693,0.6114,0.1421,0.4673,0.4421,-0.0253,0.8729,0.4542,-0.4187,0.6564,0.3777,-0.2787,0.7494,0.4124,-0.3369,0.3595,0.4767,0.1172,0.3527,0.471,0.1183,0.0236,0.0637,0.0401
Cambridge_CUL_T_S_16_125,Cambridge_CUL_T_S_16_125,75,22,0.4653,0.6174,0.1522,0.4653,0.4418,-0.0235,0.7476,0.4273,-0.3203,0.6129,0.3422,-0.2707,0.6736,0.3801,-0.2935,0.4874,0.5126,0.0252,0.4853,0.5105,0.0252,0.013,0.0401,0.0271
Cambridge_CUL_T_S_12_3,Cambridge_CUL_T_S_12_3,38,11,0.501,0.6472,0.1463,0.4933,0.4694,-0.024,0.8341,0.5057,-0.3284,0.812,0.4173,-0.3947,0.8229,0.4572,-0.3657,0.2499,0.4575,0.2077,0.244,0.4566,0.2126,0.0076,0.0268,0.0192
Cambridge_CUL_T_S_13J17_12,Cambridge_CUL_T_S_13J17_12,36,11,0.3963,0.5816,0.1853,0.3941,0.4639,0.0698,0.829,0.5967,-0.2322,0.5482,0.449,-0.0991,0.6599,0.5125,-0.1475,0.4658,0.5302,0.0644,0.4625,0.5297,0.0672,0.013,0.0227,0.0097
Oxford_Bodleian_MS_heb_d_74_40,Oxford_Bodleian_MS_heb_d_74_40,58,17,0.4444,0.6404,0.196,0.4444,0.4135,-0.031,0.7817,0.4359,-0.3457,0.5497,0.3381,-0.2116,0.6455,0.3808,-0.2646,0.4516,0.5794,0.1277,0.449,0.5794,0.1303,0.0293,0.0802,0.0508
Cambridge_CUL_T_S_20_21,Cambridge_CUL_T_S_20_21,36,11,0.7168,0.7987,0.0819,0.7085,0.5483,-0.1602,0.9012,0.5564,-0.3448,0.902,0.5278,-0.3742,0.9016,0.5417,-0.3599,0.165,0.337,0.172,0.1646,0.3366,0.172,0.0123,0.0258,0.0135
Cambridge_CUL_T_S_10J5_19,Cambridge_CUL_T_S_10J5_19,39,12,0.3086,0.5997,0.2911,0.3071,0.4501,0.143,0.7517,0.6559,-0.0958,0.5683,0.5189,-0.0493,0.6473,0.5794,-0.0678,0.4802,0.5225,0.0423,0.4775,0.5198,0.0423,0.018,0.034,0.0159
Cambridge_CUL_T_S_13J8_2,Cambridge_CUL_T_S_13J8_2,49,14,0.5201,0.6721,0.152,0.5201,0.5033,-0.0169,0.8687,0.4649,-0.4038,0.6844,0.3694,-0.315,0.7656,0.4117,-0.3539,0.3442,0.4816,0.1374,0.3442,0.4816,0.1374,0.026,0.039,0.013
Cambridge_Mosseri_V_355,Cambridge_Mosseri_V_355,51,16,0.5,0.6254,0.1254,0.4978,0.4916,-0.0062,0.806,0.6511,-0.1549,0.7148,0.5703,-0.1445,0.7577,0.608,-0.1497,0.3441,0.4635,0.1194,0.3433,0.4635,0.1202,0.0133,0.0269,0.0136
Cambridge_CUL_T_S_20_98,Cambridge_CUL_T_S_20_98,41,12,0.3751,0.5695,0.1943,0.3708,0.4085,0.0377,0.8,0.52,-0.28,0.6592,0.4993,-0.1599,0.7228,0.5094,-0.2134,0.3666,0.4658,0.0992,0.3624,0.463,0.1006,0.0129,0.044,0.0311
