doc_id,model,bin,draw_reason,ngram,aligned_p,cer_lenient,tier,script_bucket,failure_mode,judged,judged_halluc_severe,judged_halluc_any,judged_canonical,overall_quality,image_url
Cambridge_CUL_T_S_12_3,claude_opus_4_8,"[0,0.05)",canonical_completion,0.0261,0.0904,0.6765,A,judaeo_arabic,loop_collapse,True,True,True,True,good,https://storage.googleapis.com/cairo-genizah-es-json/images/3153_image.jpg
Oxford_Bodleian_MS_heb_b_11_7,claude_opus_4_8,"[0,0.05)",bin_quota,0.0,0.1439,0.9533,A,judaeo_arabic,abstained,True,True,True,False,unusable,https://storage.googleapis.com/cairo-genizah-es-json/images/519_image.jpg
Cambridge_CUL_T_S_20_162,claude_sonnet_5,"[0,0.05)",bin_quota,0.0,0.6,0.9942,B,judaeo_arabic,abstained,True,False,True,False,unusable,https://storage.googleapis.com/cairo-genizah-es-json/images/1784_image.jpg
Manchester_JRL_A_960,claude_sonnet_5,"[0,0.05)",canonical_completion,0.0143,0.5789,0.1324,A,aramaic,hallucinated,True,False,True,True,fair,https://storage.googleapis.com/cairo-genizah-es-json/images/28375_image.jpg
Oxford_Bodleian_MS_heb_d_66_32,claude_sonnet_5,"[0,0.05)",bin_quota,0.0289,0.3763,0.7101,A,untagged,hallucinated,True,True,True,False,unusable,https://storage.googleapis.com/cairo-genizah-es-json/images/2543_image.jpg
Cambridge_CUL_T_S_13J14_7,gemini_flash,"[0,0.05)",canonical_completion,0.0364,0.098,0.8147,A,judaeo_arabic,hallucinated,True,True,True,True,unusable,https://storage.googleapis.com/cairo-genizah-es-json/images/3238_image.jpg
Cambridge_CUL_T_S_24_13,gemini_flash,"[0,0.05)",canonical_completion,0.0,0.1065,0.8261,A,untagged,hallucinated,True,True,True,True,unusable,https://storage.googleapis.com/cairo-genizah-es-json/images/7558_image.jpg
Cambridge_CUL_T_S_10J21_1,gpt_5_6_sol,"[0,0.05)",canonical_completion,0.0414,0.3901,0.8459,A,judaeo_arabic,hallucinated,True,True,True,True,unusable,https://storage.googleapis.com/cairo-genizah-es-json/images/2954_image.jpg
Cambridge_CUL_T_S_13J23_7,gpt_5_6_sol,"[0,0.05)",canonical_completion,0.0103,0.2397,0.7266,A,hebrew,hallucinated,True,True,True,True,unusable,https://storage.googleapis.com/cairo-genizah-es-json/images/3355_image.jpg
Oxford_Bodleian_MS_heb_a_3_32,qwen3_vl_8b,"[0,0.05)",bin_quota,0.0,0.0,1.0,B,untagged,abstained,True,True,True,False,unusable,https://storage.googleapis.com/cairo-genizah-es-json/images/504_image.jpg
Oxford_Bodleian_MS_heb_d_74_40,qwen3_vl_8b,"[0,0.05)",bin_quota,0.0,0.0098,4.5871,A,judaeo_arabic,loop_collapse,True,True,True,False,unusable,https://storage.googleapis.com/cairo-genizah-es-json/images/2565_image.jpg
Cambridge_CUL_T_S_10J24_3,qwen3_vl_8b_heb_v16_step1100,"[0,0.05)",bin_quota,0.0498,0.0265,15.1078,B,hebrew,loop_collapse,True,True,True,False,unusable,https://storage.googleapis.com/cairo-genizah-es-json/images/3991_image.jpg
Cambridge_CUL_T_S_13J2_6,qwen3_vl_8b_heb_v16_step1100,"[0,0.05)",bin_quota,0.0181,0.3837,0.7444,B,judaeo_arabic,hallucinated,True,True,True,True,unusable,https://storage.googleapis.com/cairo-genizah-es-json/images/7960_image.jpg
Oxford_Bodleian_MS_heb_d_68_101,qwen3_vl_8b_heb_v16_step1100,"[0,0.05)",bin_quota,0.0455,0.5122,0.5386,A,judaeo_arabic,hallucinated,True,True,True,True,unusable,https://storage.googleapis.com/cairo-genizah-es-json/images/589_image.jpg
New_York_JTS_ENA_2557_1,qwen3_vl_8b_heb_v17_step800,"[0,0.05)",bin_quota,0.0182,0.0051,8.1086,B,judaeo_arabic,hallucinated,True,True,True,False,unusable,https://storage.googleapis.com/cairo-genizah-es-json/images/657_image.jpg
Cambridge_CUL_T_S_NS_184_57,vision_ocr_seg,"[0,0.05)",bin_quota,0.0,0.4062,0.9447,B,judaeo_arabic,hallucinated,True,True,True,False,unusable,https://storage.googleapis.com/cairo-genizah-es-json/images/4229_image.jpg
Cambridge_CUL_T_S_16_149,claude_opus_4_8,"[0.05,0.10)",bin_quota,0.0606,0.5943,0.5292,B,judaeo_arabic,hallucinated,True,True,True,False,unusable,https://storage.googleapis.com/cairo-genizah-es-json/images/5287_image.jpg
Cambridge_CUL_T_S_16_208,claude_opus_4_8,"[0.05,0.10)",bin_quota,0.0604,0.1554,0.6841,B,untagged,hallucinated,True,True,True,False,unusable,https://storage.googleapis.com/cairo-genizah-es-json/images/3448_image.jpg
Cambridge_CUL_T_S_18J1_32,claude_opus_4_8,"[0.05,0.10)",bin_quota,0.0541,0.3957,0.4875,A,judaeo_arabic,hallucinated,True,False,True,False,unusable,https://storage.googleapis.com/cairo-genizah-es-json/images/3519_image.jpg
Oxford_Bodleian_MS_heb_d_79_36,claude_opus_4_8,"[0.05,0.10)",bin_quota,0.0622,0.4725,0.6625,B,judaeo_arabic,hallucinated,True,True,True,False,unusable,https://storage.googleapis.com/cairo-genizah-es-json/images/2577_image.jpg
Cambridge_CUL_T_S_10J24_3,claude_sonnet_5,"[0.05,0.10)",bin_quota,0.0581,0.5196,0.5167,B,hebrew,hallucinated,True,False,False,False,poor,https://storage.googleapis.com/cairo-genizah-es-json/images/3991_image.jpg
Cambridge_CUL_T_S_10J4_12,claude_sonnet_5,"[0.05,0.10)",bin_quota,0.0962,0.7301,0.396,A,untagged,hallucinated,True,True,True,False,poor,https://storage.googleapis.com/cairo-genizah-es-json/images/3015_image.jpg
Cambridge_CUL_T_S_16_106,claude_sonnet_5,"[0.05,0.10)",bin_quota,0.0617,0.4693,0.827,B,hebrew,hallucinated,True,False,True,False,unusable,https://storage.googleapis.com/cairo-genizah-es-json/images/7396_image.jpg
Cambridge_CUL_T_S_16_256,claude_sonnet_5,"[0.05,0.10)",bin_quota,0.0579,0.6468,0.4645,A,judaeo_arabic,hallucinated,True,True,True,False,poor,https://storage.googleapis.com/cairo-genizah-es-json/images/3473_image.jpg
Cambridge_CUL_T_S_10J13_11,gemini_flash,"[0.05,0.10)",bin_quota,0.0799,0.4947,0.5528,A,judaeo_arabic,hallucinated,True,True,True,False,poor,https://storage.googleapis.com/cairo-genizah-es-json/images/1501_image.jpg
Cambridge_CUL_T_S_8J8_22,gemini_flash,"[0.05,0.10)",bin_quota,0.0678,0.1905,0.8057,B,judaeo_arabic,hallucinated,True,True,True,False,unusable,https://storage.googleapis.com/cairo-genizah-es-json/images/2212_image.jpg
Cambridge_CUL_T_S_Misc_8_103,gemini_flash,"[0.05,0.10)",bin_quota,0.0584,0.1192,0.7652,B,judaeo_arabic,hallucinated,True,True,True,False,unusable,https://storage.googleapis.com/cairo-genizah-es-json/images/4219_image.jpg
Cambridge_CUL_T_S_10J9_8,gemini_pro,"[0.05,0.10)",bin_quota,0.0777,0.3359,0.6981,B,judaeo_arabic,hallucinated,True,True,True,False,unusable,https://storage.googleapis.com/cairo-genizah-es-json/images/1573_image.jpg
Cambridge_CUL_T_S_13J2_9,gemini_pro,"[0.05,0.10)",bin_quota,0.0954,0.4629,0.5177,B,judaeo_arabic,hallucinated,True,True,True,False,unusable,https://storage.googleapis.com/cairo-genizah-es-json/images/7961_image.jpg
Cambridge_CUL_T_S_16_232,gemini_pro,"[0.05,0.10)",bin_quota,0.0766,0.5479,0.5136,B,judaeo_arabic,hallucinated,True,True,True,False,unusable,https://storage.googleapis.com/cairo-genizah-es-json/images/3460_image.jpg
Cambridge_CUL_T_S_6J3_2,gemini_pro,"[0.05,0.10)",bin_quota,0.0723,0.1013,0.6742,B,judaeo_arabic,hallucinated,True,True,True,False,unusable,https://storage.googleapis.com/cairo-genizah-es-json/images/3622_image.jpg
Cambridge_CUL_T_S_Misc_8_103,gemini_pro,"[0.05,0.10)",bin_quota,0.0522,0.3946,0.9456,B,judaeo_arabic,hallucinated,True,True,True,False,unusable,https://storage.googleapis.com/cairo-genizah-es-json/images/4219_image.jpg
Cambridge_CUL_T_S_NS_184_57,gemini_pro,"[0.05,0.10)",bin_quota,0.0781,0.4453,0.556,B,judaeo_arabic,hallucinated,True,True,True,False,unusable,https://storage.googleapis.com/cairo-genizah-es-json/images/4229_image.jpg
New_York_JTS_ENA_NS_18_25,gemini_pro,"[0.05,0.10)",bin_quota,0.0588,0.1886,0.6966,B,judaeo_arabic,hallucinated,True,True,True,False,unusable,https://storage.googleapis.com/cairo-genizah-es-json/images/2436_image.jpg
Cambridge_CUL_T_S_16_110,kraken_raw,"[0.05,0.10)",bin_quota,0.0839,0.1032,0.6378,B,untagged,hallucinated,False,False,False,False,,https://storage.googleapis.com/cairo-genizah-es-json/images/7399_image.jpg
Cambridge_CUL_T_S_13J17_9,kraken_seg,"[0.05,0.10)",bin_quota,0.0851,0.4737,0.8017,B,hebrew,hallucinated,True,False,True,False,unusable,https://storage.googleapis.com/cairo-genizah-es-json/images/3269_image.jpg
Cambridge_CUL_T_S_16_110,kraken_seg,"[0.05,0.10)",bin_quota,0.0851,0.6325,0.6001,B,untagged,hallucinated,True,True,True,False,unusable,https://storage.googleapis.com/cairo-genizah-es-json/images/7399_image.jpg
Cambridge_CUL_Or_1080_J262,qwen3_vl_8b,"[0.05,0.10)",bin_quota,0.0776,0.6397,0.4629,A,judaeo_arabic,hallucinated,True,True,True,False,unusable,https://storage.googleapis.com/cairo-genizah-es-json/images/4008_image.jpg
Cambridge_CUL_T_S_13J35_1,qwen3_vl_8b_heb_v16_step1100,"[0.05,0.10)",bin_quota,0.0667,0.007,4.3457,B,hebrew,hallucinated,True,True,True,False,unusable,https://storage.googleapis.com/cairo-genizah-es-json/images/1133_image.jpg
Cambridge_CUL_T_S_20_28,qwen3_vl_8b_heb_v16_step1100,"[0.05,0.10)",bin_quota,0.0526,0.0032,8.3069,B,judaeo_arabic,hallucinated,True,True,True,False,unusable,https://storage.googleapis.com/cairo-genizah-es-json/images/3551_image.jpg
Cambridge_CUL_T_S_10J14_13,qwen3_vl_8b_heb_v17_step800,"[0.05,0.10)",bin_quota,0.0755,0.5762,0.4815,B,judaeo_arabic,hallucinated,True,True,True,False,poor,https://storage.googleapis.com/cairo-genizah-es-json/images/2843_image.jpg
Cambridge_CUL_T_S_13J23_4,qwen3_vl_8b_heb_v17_step800,"[0.05,0.10)",bin_quota,0.0816,0.4635,0.4964,B,judaeo_arabic,hallucinated,True,True,True,False,poor,https://storage.googleapis.com/cairo-genizah-es-json/images/1067_image.jpg
Cambridge_CUL_T_S_16_128,qwen3_vl_8b_heb_v17_step800,"[0.05,0.10)",bin_quota,0.06,0.4985,0.4899,A,judaeo_arabic,hallucinated,True,True,True,False,poor,https://storage.googleapis.com/cairo-genizah-es-json/images/3417_image.jpg
Cambridge_CUL_T_S_8J33_7,qwen3_vl_8b_heb_v17_step800,"[0.05,0.10)",canonical_completion,0.0666,0.5736,0.5727,B,judaeo_arabic,hallucinated,True,True,True,True,poor,https://storage.googleapis.com/cairo-genizah-es-json/images/3792_image.jpg
New_York_JTS_ENA_NS_45_31,qwen3_vl_8b_heb_v17_step800,"[0.05,0.10)",bin_quota,0.0704,0.701,0.9294,B,judaeo_arabic,hallucinated,True,True,True,False,unusable,https://storage.googleapis.com/cairo-genizah-es-json/images/832_image.jpg
Oxford_Bodleian_MS_heb_d_79_36,qwen3_vl_8b_heb_v17_step800,"[0.05,0.10)",bin_quota,0.0913,0.0153,10.518,B,judaeo_arabic,hallucinated,True,True,True,False,unusable,https://storage.googleapis.com/cairo-genizah-es-json/images/2577_image.jpg
Cambridge_CUL_T_S_13J20_17,vision_ocr_seg,"[0.05,0.10)",bin_quota,0.0735,0.7571,0.8598,B,judaeo_arabic,hallucinated,True,False,True,False,unusable,https://storage.googleapis.com/cairo-genizah-es-json/images/1019_image.jpg
Cambridge_CUL_T_S_13J8_6,claude_opus_4_8,"[0.10,0.20)",bin_quota,0.158,0.3396,1.3721,A,judaeo_arabic,substantive,True,True,True,False,poor,https://storage.googleapis.com/cairo-genizah-es-json/images/1227_image.jpg
Cambridge_CUL_T_S_20_110,claude_opus_4_8,"[0.10,0.20)",bin_quota,0.1215,0.4345,0.801,A,judaeo_arabic,substantive,True,False,True,False,poor,https://storage.googleapis.com/cairo-genizah-es-json/images/1774_image.jpg
Cambridge_CUL_T_S_12_146,claude_sonnet_5,"[0.10,0.20)",bin_quota,0.1245,0.7225,0.4867,B,hebrew,substantive,True,False,False,False,poor,https://storage.googleapis.com/cairo-genizah-es-json/images/1617_image.jpg
Cambridge_CUL_T_S_20_28,claude_sonnet_5,"[0.10,0.20)",bin_quota,0.1334,0.6686,0.6693,B,judaeo_arabic,substantive,True,True,True,False,poor,https://storage.googleapis.com/cairo-genizah-es-json/images/3551_image.jpg
Cambridge_CUL_T_S_6J6_11,claude_sonnet_5,"[0.10,0.20)",bin_quota,0.1587,0.7567,0.3522,B,judaeo_arabic,substantive,True,True,True,False,poor,https://storage.googleapis.com/cairo-genizah-es-json/images/29142_image.jpg
Cambridge_Mosseri_VII_67_2,claude_sonnet_5,"[0.10,0.20)",bin_quota,0.1543,0.295,1.6409,A,untagged,substantive,True,False,True,False,poor,https://storage.googleapis.com/cairo-genizah-es-json/images/2745_image.jpg
Cambridge_CUL_T_S_10J4_10,gemini_flash,"[0.10,0.20)",bin_quota,0.115,0.4501,0.5519,A,judaeo_arabic,substantive,True,True,True,False,unusable,https://storage.googleapis.com/cairo-genizah-es-json/images/7845_image.jpg
Cambridge_CUL_T_S_10J7_3,gemini_flash,"[0.10,0.20)",bin_quota,0.1499,0.6809,0.6456,B,judaeo_arabic,substantive,True,True,True,False,poor,https://storage.googleapis.com/cairo-genizah-es-json/images/3055_image.jpg
Cambridge_CUL_T_S_13J21_33,gemini_flash,"[0.10,0.20)",bin_quota,0.1826,0.1455,0.7476,B,judaeo_arabic,substantive,True,True,True,False,unusable,https://storage.googleapis.com/cairo-genizah-es-json/images/3341_image.jpg
Cambridge_CUL_T_S_13J23_12,gemini_flash,"[0.10,0.20)",bin_quota,0.1674,0.6759,0.4535,B,hebrew,substantive,True,True,True,False,poor,https://storage.googleapis.com/cairo-genizah-es-json/images/1062_image.jpg
Cambridge_CUL_T_S_16_281,gemini_flash,"[0.10,0.20)",bin_quota,0.1601,0.7697,0.7303,B,judaeo_arabic,substantive,True,True,True,False,unusable,https://storage.googleapis.com/cairo-genizah-es-json/images/3485_image.jpg
Cambridge_CUL_T_S_20_110,gemini_flash,"[0.10,0.20)",bin_quota,0.1837,0.5495,0.4923,A,judaeo_arabic,substantive,True,True,True,True,unusable,https://storage.googleapis.com/cairo-genizah-es-json/images/1774_image.jpg
Cambridge_CUL_T_S_20_28,gemini_flash,"[0.10,0.20)",bin_quota,0.1265,0.2682,0.6397,B,judaeo_arabic,substantive,True,True,True,False,poor,https://storage.googleapis.com/cairo-genizah-es-json/images/3551_image.jpg
Cambridge_CUL_T_S_16_170,gemini_pro,"[0.10,0.20)",bin_quota,0.1846,0.445,0.7305,A,judaeo_arabic,substantive,True,True,True,False,unusable,https://storage.googleapis.com/cairo-genizah-es-json/images/3430_image.jpg
Oxford_Bodleian_MS_heb_d_66_32,gemini_pro,"[0.10,0.20)",bin_quota,0.1065,0.4464,0.6513,A,untagged,substantive,True,True,True,False,unusable,https://storage.googleapis.com/cairo-genizah-es-json/images/2543_image.jpg
Oxford_Bodleian_MS_heb_f_108_63,gemini_pro,"[0.10,0.20)",bin_quota,0.1682,0.7362,0.5938,B,judaeo_arabic,substantive,True,True,True,False,poor,https://storage.googleapis.com/cairo-genizah-es-json/images/19581_image.jpg
Cambridge_CUL_T_S_12_111,gpt_5_6_sol,"[0.10,0.20)",bin_quota,0.1,0.931,0.9185,B,judaeo_arabic,substantive,True,False,True,False,unusable,https://storage.googleapis.com/cairo-genizah-es-json/images/29116_image.jpg
Cambridge_Mosseri_VII_67_2,gpt_5_6_sol,"[0.10,0.20)",canonical_completion,0.1494,0.3972,0.6264,A,untagged,substantive,True,True,True,True,unusable,https://storage.googleapis.com/cairo-genizah-es-json/images/2745_image.jpg
Cambridge_CUL_T_S_8J6_21,kraken_raw,"[0.10,0.20)",bin_quota,0.1258,0.4922,0.6777,B,aramaic,substantive,False,False,False,False,,https://storage.googleapis.com/cairo-genizah-es-json/images/16220_image.jpg
Manchester_JRL_L_18,kraken_raw,"[0.10,0.20)",bin_quota,0.1977,0.658,0.462,B,hebrew,substantive,False,False,False,False,,https://storage.googleapis.com/cairo-genizah-es-json/images/30226_image.jpg
Cambridge_CUL_T_S_12_111,qwen3_vl_8b_heb_v16_step1100,"[0.10,0.20)",bin_quota,0.1112,0.0034,17.6119,B,judaeo_arabic,loop_collapse,True,True,True,False,unusable,https://storage.googleapis.com/cairo-genizah-es-json/images/29116_image.jpg
New_York_JTS_ENA_4007_6,qwen3_vl_8b_heb_v16_step1100,"[0.10,0.20)",bin_quota,0.141,0.712,0.4136,B,hebrew,substantive,True,False,True,False,poor,https://storage.googleapis.com/cairo-genizah-es-json/images/751_image.jpg
New_York_JTS_ENA_NS_50_32,qwen3_vl_8b_heb_v16_step1100,"[0.10,0.20)",bin_quota,0.162,0.7041,0.3712,A,hebrew,substantive,True,True,True,False,poor,https://storage.googleapis.com/cairo-genizah-es-json/images/11585_image.jpg
Cambridge_CUL_T_S_10J5_19,qwen3_vl_8b_heb_v17_step800,"[0.10,0.20)",bin_quota,0.1014,0.5368,0.511,A,judaeo_arabic,substantive,True,True,True,False,unusable,https://storage.googleapis.com/cairo-genizah-es-json/images/3027_image.jpg
Cambridge_CUL_T_S_13J26_14,qwen3_vl_8b_heb_v17_step800,"[0.10,0.20)",bin_quota,0.1551,0.6727,0.3973,A,untagged,substantive,True,True,True,False,unusable,https://storage.googleapis.com/cairo-genizah-es-json/images/3380_image.jpg
Cambridge_CUL_T_S_13J2_6,qwen3_vl_8b_heb_v17_step800,"[0.10,0.20)",bin_quota,0.14,0.6354,0.6685,B,judaeo_arabic,substantive,True,True,True,False,unusable,https://storage.googleapis.com/cairo-genizah-es-json/images/7960_image.jpg
Cambridge_CUL_T_S_13J2_9,qwen3_vl_8b_heb_v17_step800,"[0.10,0.20)",bin_quota,0.1015,0.5817,0.4916,B,judaeo_arabic,substantive,True,False,True,False,poor,https://storage.googleapis.com/cairo-genizah-es-json/images/7961_image.jpg
Cambridge_CUL_T_S_16_232,qwen3_vl_8b_heb_v17_step800,"[0.10,0.20)",bin_quota,0.1275,0.5121,0.55,B,judaeo_arabic,substantive,True,True,True,False,poor,https://storage.googleapis.com/cairo-genizah-es-json/images/3460_image.jpg
Cambridge_CUL_T_S_20_28,qwen3_vl_8b_heb_v17_step800,"[0.10,0.20)",bin_quota,0.1066,0.003,7.8685,B,judaeo_arabic,substantive,True,True,True,False,unusable,https://storage.googleapis.com/cairo-genizah-es-json/images/3551_image.jpg
Cambridge_CUL_T_S_Ar_18_49,qwen3_vl_8b_heb_v17_step800,"[0.10,0.20)",bin_quota,0.1128,0.5536,0.501,B,untagged,substantive,True,True,True,False,unusable,https://storage.googleapis.com/cairo-genizah-es-json/images/9283_image.jpg
Cambridge_CUL_T_S_13J8_2,vision_ocr_seg,"[0.10,0.20)",bin_quota,0.1882,0.7996,0.7286,A,hebrew,substantive,True,True,True,False,poor,https://storage.googleapis.com/cairo-genizah-es-json/images/1213_image.jpg
Cambridge_CUL_T_S_8_143,claude_opus_4_8,"[0.20,0.35)",bin_quota,0.2141,0.7001,0.3943,A,judaeo_arabic,substantive,True,True,True,False,poor,https://storage.googleapis.com/cairo-genizah-es-json/images/1831_image.jpg
Cambridge_CUL_T_S_13J26_15,claude_sonnet_5,"[0.20,0.35)",bin_quota,0.332,0.7773,0.2753,A,hebrew,substantive,True,False,False,False,poor,https://storage.googleapis.com/cairo-genizah-es-json/images/3381_image.jpg
Cambridge_CUL_T_S_8J24_6,claude_sonnet_5,"[0.20,0.35)",bin_quota,0.2268,0.8248,0.3056,A,judaeo_arabic,substantive,True,True,True,False,poor,https://storage.googleapis.com/cairo-genizah-es-json/images/3713_image.jpg
Cambridge_CUL_T_S_13J26_14,gemini_flash,"[0.20,0.35)",canonical_completion,0.3028,0.7743,0.4398,A,untagged,substantive,True,True,True,True,poor,https://storage.googleapis.com/cairo-genizah-es-json/images/3380_image.jpg
Cambridge_CUL_T_S_16_110,gemini_flash,"[0.20,0.35)",canonical_completion,0.3333,0.6872,0.8946,B,untagged,substantive,True,True,True,True,unusable,https://storage.googleapis.com/cairo-genizah-es-json/images/7399_image.jpg
Cambridge_CUL_T_S_8J24_6,gemini_flash,"[0.20,0.35)",bin_quota,0.2394,0.7966,0.2855,A,judaeo_arabic,substantive,True,True,True,False,poor,https://storage.googleapis.com/cairo-genizah-es-json/images/3713_image.jpg
Cambridge_CUL_T_S_8J33_7,gemini_flash,"[0.20,0.35)",bin_quota,0.2353,0.7014,0.6975,B,judaeo_arabic,substantive,True,True,True,True,unusable,https://storage.googleapis.com/cairo-genizah-es-json/images/3792_image.jpg
Cambridge_CUL_T_S_8_137,gemini_flash,"[0.20,0.35)",canonical_completion,0.3086,0.7613,0.3871,B,judaeo_arabic,substantive,True,True,True,True,poor,https://storage.googleapis.com/cairo-genizah-es-json/images/3654_image.jpg
Cambridge_Mosseri_VII_67_2,gemini_flash,"[0.20,0.35)",canonical_completion,0.2721,0.7452,0.3462,A,untagged,substantive,True,True,True,True,poor,https://storage.googleapis.com/cairo-genizah-es-json/images/2745_image.jpg
Cambridge_CUL_T_S_12_111,gemini_pro,"[0.20,0.35)",bin_quota,0.2293,0.6,0.4607,B,judaeo_arabic,substantive,True,True,True,True,poor,https://storage.googleapis.com/cairo-genizah-es-json/images/29116_image.jpg
Cambridge_CUL_T_S_8J24_6,gemini_pro,"[0.20,0.35)",canonical_completion,0.3103,0.7141,0.3472,A,judaeo_arabic,substantive,True,True,True,True,poor,https://storage.googleapis.com/cairo-genizah-es-json/images/3713_image.jpg
Cambridge_Mosseri_VII_67_2,gemini_pro,"[0.20,0.35)",canonical_completion,0.3105,0.7469,0.3317,A,untagged,substantive,True,True,True,True,poor,https://storage.googleapis.com/cairo-genizah-es-json/images/2745_image.jpg
Oxford_Bodleian_MS_heb_b_11_7,gemini_pro,"[0.20,0.35)",bin_quota,0.3012,0.4293,0.8967,A,judaeo_arabic,substantive,True,True,True,False,unusable,https://storage.googleapis.com/cairo-genizah-es-json/images/519_image.jpg
Cambridge_CUL_T_S_10J13_11,gpt_5_6_sol,"[0.20,0.35)",canonical_completion,0.2651,0.8056,0.8876,A,judaeo_arabic,substantive,True,True,True,True,unusable,https://storage.googleapis.com/cairo-genizah-es-json/images/1501_image.jpg
Cambridge_CUL_T_S_13J17_9,gpt_5_6_sol,"[0.20,0.35)",canonical_completion,0.2835,0.7282,0.6262,B,hebrew,substantive,True,True,True,True,poor,https://storage.googleapis.com/cairo-genizah-es-json/images/3269_image.jpg
Cambridge_CUL_T_S_18J1_14,gpt_5_6_sol,"[0.20,0.35)",canonical_completion,0.2368,0.82,0.939,A,untagged,substantive,True,False,False,True,unusable,https://storage.googleapis.com/cairo-genizah-es-json/images/3501_image.jpg
Cambridge_CUL_T_S_18J1_8,gpt_5_6_sol,"[0.20,0.35)",bin_quota,0.247,0.6167,0.646,B,judaeo_arabic,substantive,True,True,True,False,poor,https://storage.googleapis.com/cairo-genizah-es-json/images/5920_image.jpg
Cambridge_CUL_T_S_8_137,gpt_5_6_sol,"[0.20,0.35)",bin_quota,0.2277,0.6357,0.8485,B,judaeo_arabic,substantive,True,True,True,True,unusable,https://storage.googleapis.com/cairo-genizah-es-json/images/3654_image.jpg
Cambridge_CUL_T_S_Misc_35_11,gpt_5_6_sol,"[0.20,0.35)",bin_quota,0.2157,0.7813,0.4284,A,hebrew,substantive,True,True,True,False,poor,https://storage.googleapis.com/cairo-genizah-es-json/images/1357_image.jpg
Oxford_Bodleian_MS_heb_d_66_22,gpt_5_6_sol,"[0.20,0.35)",canonical_completion,0.32,0.7861,0.7459,B,aramaic,substantive,True,False,True,True,poor,https://storage.googleapis.com/cairo-genizah-es-json/images/2540_image.jpg
Cambridge_CUL_T_S_10J5_4,kraken_raw,"[0.20,0.35)",bin_quota,0.239,0.5059,0.6797,B,judaeo_arabic,substantive,False,False,False,False,,https://storage.googleapis.com/cairo-genizah-es-json/images/3032_image.jpg
Cambridge_CUL_T_S_12_111,kraken_raw,"[0.20,0.35)",bin_quota,0.3021,0.784,0.6385,B,judaeo_arabic,substantive,False,False,False,False,,https://storage.googleapis.com/cairo-genizah-es-json/images/29116_image.jpg
Cambridge_CUL_T_S_AS_147_38,kraken_raw,"[0.20,0.35)",bin_quota,0.3121,0.7235,0.4148,A,judaeo_arabic,substantive,False,False,False,False,,https://storage.googleapis.com/cairo-genizah-es-json/images/4142_image.jpg
Cambridge_CUL_T_S_AS_149_4,kraken_raw,"[0.20,0.35)",bin_quota,0.2614,0.757,0.4731,B,judaeo_arabic,substantive,False,False,False,False,,https://storage.googleapis.com/cairo-genizah-es-json/images/4175_image.jpg
New_York_JTS_ENA_2557_1,kraken_raw,"[0.20,0.35)",bin_quota,0.2822,0.7765,0.3396,B,judaeo_arabic,substantive,False,False,False,False,,https://storage.googleapis.com/cairo-genizah-es-json/images/657_image.jpg
Oxford_Bodleian_MS_heb_a_3_32,kraken_raw,"[0.20,0.35)",bin_quota,0.3086,0.5527,0.6798,B,untagged,substantive,False,False,False,False,,https://storage.googleapis.com/cairo-genizah-es-json/images/504_image.jpg
Cambridge_CUL_T_S_12_111,kraken_seg,"[0.20,0.35)",bin_quota,0.309,0.5157,0.6904,B,judaeo_arabic,substantive,True,False,False,False,unusable,https://storage.googleapis.com/cairo-genizah-es-json/images/29116_image.jpg
Cambridge_CUL_T_S_Misc_8_103,kraken_seg,"[0.20,0.35)",bin_quota,0.2412,0.3499,0.686,B,judaeo_arabic,substantive,True,True,True,False,poor,https://storage.googleapis.com/cairo-genizah-es-json/images/4219_image.jpg
New_York_JTS_ENA_NS_39_9,kraken_seg,"[0.20,0.35)",bin_quota,0.2966,0.6649,0.6248,B,judaeo_arabic,substantive,True,True,True,False,unusable,https://storage.googleapis.com/cairo-genizah-es-json/images/11151_image.jpg
Oxford_Bodleian_MS_heb_d_79_36,kraken_seg,"[0.20,0.35)",bin_quota,0.2171,0.6009,0.7593,B,judaeo_arabic,substantive,True,True,True,False,unusable,https://storage.googleapis.com/cairo-genizah-es-json/images/2577_image.jpg
Cambridge_CUL_T_S_13J23_7,qwen3_vl_8b_heb_v16_step1100,"[0.20,0.35)",bin_quota,0.2416,0.6937,0.4193,A,hebrew,substantive,True,False,True,False,poor,https://storage.googleapis.com/cairo-genizah-es-json/images/3355_image.jpg
Oxford_Bodleian_MS_heb_b_11_28,qwen3_vl_8b_heb_v16_step1100,"[0.20,0.35)",bin_quota,0.2209,0.788,0.322,A,hebrew,substantive,True,True,True,False,poor,https://storage.googleapis.com/cairo-genizah-es-json/images/515_image.jpg
Cambridge_CUL_T_S_13J8_6,qwen3_vl_8b_heb_v17_step800,"[0.20,0.35)",bin_quota,0.2981,0.7814,0.2926,A,judaeo_arabic,substantive,True,True,True,False,unusable,https://storage.googleapis.com/cairo-genizah-es-json/images/1227_image.jpg
Cambridge_CUL_T_S_16_307,qwen3_vl_8b_heb_v17_step800,"[0.20,0.35)",bin_quota,0.2802,0.6155,0.379,A,judaeo_arabic,substantive,True,True,True,False,poor,https://storage.googleapis.com/cairo-genizah-es-json/images/7479_image.jpg
Cambridge_CUL_T_S_24_13,qwen3_vl_8b_heb_v17_step800,"[0.20,0.35)",bin_quota,0.273,0.7227,0.397,A,untagged,substantive,True,True,True,False,poor,https://storage.googleapis.com/cairo-genizah-es-json/images/7558_image.jpg
Cambridge_CUL_T_S_8_143,qwen3_vl_8b_heb_v17_step800,"[0.20,0.35)",bin_quota,0.2904,0.7271,0.3552,A,judaeo_arabic,substantive,True,True,True,False,poor,https://storage.googleapis.com/cairo-genizah-es-json/images/1831_image.jpg
New_York_JTS_ENA_NS_50_32,qwen3_vl_8b_heb_v17_step800,"[0.20,0.35)",canonical_completion,0.302,0.664,0.3525,A,hebrew,substantive,True,True,True,True,poor,https://storage.googleapis.com/cairo-genizah-es-json/images/11585_image.jpg
Oxford_Bodleian_MS_heb_d_74_40,qwen3_vl_8b_heb_v17_step800,"[0.20,0.35)",bin_quota,0.288,0.7975,0.3058,A,judaeo_arabic,substantive,True,False,True,False,poor,https://storage.googleapis.com/cairo-genizah-es-json/images/2565_image.jpg
Cambridge_CUL_T_S_10J2_3,vision_ocr_seg,"[0.20,0.35)",bin_quota,0.2207,0.68,0.5161,A,aramaic,substantive,True,False,True,False,poor,https://storage.googleapis.com/cairo-genizah-es-json/images/1529_image.jpg
Cambridge_CUL_T_S_13J23_7,vision_ocr_seg,"[0.20,0.35)",bin_quota,0.308,0.7954,0.6544,A,hebrew,substantive,True,True,True,False,unusable,https://storage.googleapis.com/cairo-genizah-es-json/images/3355_image.jpg
Cambridge_CUL_T_S_16_124,vision_ocr_seg,"[0.20,0.35)",bin_quota,0.3445,0.8126,0.418,A,untagged,substantive,True,False,True,False,poor,https://storage.googleapis.com/cairo-genizah-es-json/images/3414_image.jpg
Cambridge_CUL_T_S_10J2_3,gemini_flash,"[0.35,0.60)",bin_quota,0.4961,0.8809,0.2043,A,aramaic,substantive,True,True,True,True,fair,https://storage.googleapis.com/cairo-genizah-es-json/images/1529_image.jpg
Oxford_Bodleian_MS_heb_b_11_28,gemini_flash,"[0.35,0.60)",bin_quota,0.4198,0.848,0.2562,A,hebrew,substantive,True,True,True,False,poor,https://storage.googleapis.com/cairo-genizah-es-json/images/515_image.jpg
Cambridge_CUL_T_S_13J23_7,gemini_pro,"[0.35,0.60)",bin_quota,0.3872,0.8464,0.3895,A,hebrew,substantive,True,True,True,True,poor,https://storage.googleapis.com/cairo-genizah-es-json/images/3355_image.jpg
Cambridge_CUL_T_S_Misc_35_11,gemini_pro,"[0.35,0.60)",canonical_completion,0.4689,0.863,0.2397,A,hebrew,substantive,True,True,True,True,poor,https://storage.googleapis.com/cairo-genizah-es-json/images/1357_image.jpg
New_York_JTS_ENA_4007_6,gemini_pro,"[0.35,0.60)",canonical_completion,0.5942,0.8982,0.1969,B,hebrew,substantive,True,True,True,True,poor,https://storage.googleapis.com/cairo-genizah-es-json/images/751_image.jpg
Cambridge_CUL_T_S_10J12_9,gpt_5_6_sol,"[0.35,0.60)",bin_quota,0.5282,0.8778,0.1957,A,hebrew,substantive,True,True,True,False,fair,https://storage.googleapis.com/cairo-genizah-es-json/images/2823_image.jpg
Cambridge_CUL_T_S_10J2_3,gpt_5_6_sol,"[0.35,0.60)",canonical_completion,0.5894,0.9177,0.644,A,aramaic,substantive,True,False,False,True,poor,https://storage.googleapis.com/cairo-genizah-es-json/images/1529_image.jpg
Oxford_Bodleian_MS_heb_a_2_4,gpt_5_6_sol,"[0.35,0.60)",canonical_completion,0.4267,0.7153,0.4019,A,aramaic,substantive,True,True,True,True,poor,https://storage.googleapis.com/cairo-genizah-es-json/images/2509_image.jpg
Cambridge_CUL_T_S_10J5_9,kraken_raw,"[0.35,0.60)",bin_quota,0.3621,0.768,0.4034,B,judaeo_arabic,substantive,False,False,False,False,,https://storage.googleapis.com/cairo-genizah-es-json/images/3036_image.jpg
Cambridge_CUL_T_S_13J6_23,kraken_raw,"[0.35,0.60)",bin_quota,0.4693,0.8729,0.3527,A,judaeo_arabic,substantive,False,False,False,False,,https://storage.googleapis.com/cairo-genizah-es-json/images/1172_image.jpg
Cambridge_CUL_T_S_Ar_18_49,kraken_raw,"[0.35,0.60)",bin_quota,0.3821,0.7548,0.4031,B,untagged,substantive,False,False,False,False,,https://storage.googleapis.com/cairo-genizah-es-json/images/9283_image.jpg
Cambridge_CUL_T_S_10J12_4,kraken_seg,"[0.35,0.60)",canonical_completion,0.4055,0.7969,0.3203,B,judaeo_arabic,substantive,True,True,True,True,poor,https://storage.googleapis.com/cairo-genizah-es-json/images/2820_image.jpg
Cambridge_CUL_T_S_12_3,kraken_seg,"[0.35,0.60)",canonical_completion,0.501,0.8341,0.244,A,judaeo_arabic,substantive,True,False,True,True,poor,https://storage.googleapis.com/cairo-genizah-es-json/images/3153_image.jpg
Cambridge_CUL_T_S_16_149,kraken_seg,"[0.35,0.60)",bin_quota,0.5423,0.8822,0.2623,B,judaeo_arabic,substantive,True,False,True,False,poor,https://storage.googleapis.com/cairo-genizah-es-json/images/5287_image.jpg
Cambridge_CUL_T_S_10J12_9,qwen3_vl_8b_heb_v16_step1100,"[0.35,0.60)",bin_quota,0.417,0.869,0.1914,A,hebrew,substantive,True,False,False,False,poor,https://storage.googleapis.com/cairo-genizah-es-json/images/2823_image.jpg
Cambridge_CUL_Or_1080_J262,qwen3_vl_8b_heb_v17_step800,"[0.35,0.60)",bin_quota,0.3781,0.8333,0.2054,A,judaeo_arabic,substantive,True,False,True,False,poor,https://storage.googleapis.com/cairo-genizah-es-json/images/4008_image.jpg
Manchester_JRL_A_960,claude_opus_4_8,"[0.60,1]",bin_quota,0.7602,0.9386,0.1276,A,aramaic,substantive,True,False,True,True,fair,https://storage.googleapis.com/cairo-genizah-es-json/images/28375_image.jpg
Cambridge_CUL_T_S_13J13_16,gemini_flash,"[0.60,1]",bin_quota,0.6839,0.9075,0.1559,A,hebrew,substantive,True,True,True,False,poor,https://storage.googleapis.com/cairo-genizah-es-json/images/3215_image.jpg
Cambridge_CUL_T_S_16_124,gemini_flash,"[0.60,1]",canonical_completion,0.6605,0.9102,0.2172,A,untagged,substantive,True,True,True,True,fair,https://storage.googleapis.com/cairo-genizah-es-json/images/3414_image.jpg
Manchester_JRL_A_960,gemini_flash,"[0.60,1]",canonical_completion,0.7697,0.9151,0.1356,A,aramaic,substantive,True,False,True,True,fair,https://storage.googleapis.com/cairo-genizah-es-json/images/28375_image.jpg
Cambridge_CUL_T_S_10J12_9,gemini_pro,"[0.60,1]",bin_quota,0.7659,0.9523,0.0843,A,hebrew,substantive,True,False,True,False,good,https://storage.googleapis.com/cairo-genizah-es-json/images/2823_image.jpg
Cambridge_CUL_T_S_13J17_9,gemini_pro,"[0.60,1]",canonical_completion,0.6131,0.9074,0.2817,B,hebrew,substantive,True,True,True,True,fair,https://storage.googleapis.com/cairo-genizah-es-json/images/3269_image.jpg
Manchester_JRL_A_960,gemini_pro,"[0.60,1]",canonical_completion,0.8684,0.9576,0.059,A,aramaic,substantive,True,False,False,True,good,https://storage.googleapis.com/cairo-genizah-es-json/images/28375_image.jpg
Oxford_Bodleian_MS_heb_a_2_4,gemini_pro,"[0.60,1]",canonical_completion,0.6013,0.8515,0.2096,A,aramaic,substantive,True,True,True,True,fair,https://storage.googleapis.com/cairo-genizah-es-json/images/2509_image.jpg
Oxford_Bodleian_MS_heb_c_28_66,gemini_pro,"[0.60,1]",canonical_completion,0.7314,0.9336,0.0937,A,hebrew,substantive,True,False,True,True,good,https://storage.googleapis.com/cairo-genizah-es-json/images/549_image.jpg
Cambridge_CUL_T_S_12_3,gpt_5_6_sol,"[0.60,1]",canonical_completion,0.85,0.9667,0.9858,A,judaeo_arabic,abstained,True,False,False,True,unusable,https://storage.googleapis.com/cairo-genizah-es-json/images/3153_image.jpg
Cambridge_CUL_T_S_20_63,gpt_5_6_sol,"[0.60,1]",bin_quota,0.8333,1.0,0.9915,A,judaeo_arabic,abstained,True,False,False,False,unusable,https://storage.googleapis.com/cairo-genizah-es-json/images/9057_image.jpg
Manchester_JRL_A_960,gpt_5_6_sol,"[0.60,1]",canonical_completion,0.8079,0.9299,0.118,A,aramaic,substantive,True,False,False,True,fair,https://storage.googleapis.com/cairo-genizah-es-json/images/28375_image.jpg
Cambridge_CUL_T_S_13J14_7,kraken_raw,"[0.60,1]",bin_quota,0.7353,0.9116,0.2468,A,judaeo_arabic,substantive,False,False,False,False,,https://storage.googleapis.com/cairo-genizah-es-json/images/3238_image.jpg
Cambridge_CUL_T_S_13J8_6,kraken_raw,"[0.60,1]",bin_quota,0.608,0.8525,0.227,A,judaeo_arabic,substantive,False,False,False,False,,https://storage.googleapis.com/cairo-genizah-es-json/images/1227_image.jpg
Oxford_Bodleian_MS_heb_a_2_4,kraken_raw,"[0.60,1]",bin_quota,0.6191,0.8728,0.2588,A,aramaic,substantive,False,False,False,False,,https://storage.googleapis.com/cairo-genizah-es-json/images/2509_image.jpg
Cambridge_CUL_T_S_10J4_12,kraken_seg,"[0.60,1]",bin_quota,0.6767,0.8985,0.2389,A,untagged,substantive,True,False,True,False,poor,https://storage.googleapis.com/cairo-genizah-es-json/images/3015_image.jpg
Cambridge_CUL_T_S_13J2_9,kraken_seg,"[0.60,1]",bin_quota,0.7422,0.8952,0.1367,B,judaeo_arabic,substantive,True,False,True,False,fair,https://storage.googleapis.com/cairo-genizah-es-json/images/7961_image.jpg
Cambridge_CUL_T_S_20_21,kraken_seg,"[0.60,1]",bin_quota,0.7168,0.9012,0.1646,A,judaeo_arabic,substantive,True,False,True,False,fair,https://storage.googleapis.com/cairo-genizah-es-json/images/7504_image.jpg
Manchester_JRL_A_960,kraken_seg,"[0.60,1]",canonical_completion,0.7398,0.9135,0.2185,A,aramaic,substantive,True,True,True,True,fair,https://storage.googleapis.com/cairo-genizah-es-json/images/28375_image.jpg
Manchester_JRL_A_960,vision_ocr_seg,"[0.60,1]",canonical_completion,0.7094,0.8958,0.1595,A,aramaic,substantive,True,True,True,True,poor,https://storage.googleapis.com/cairo-genizah-es-json/images/28375_image.jpg
